FirFlrSF,SecFlrSF,BedroomAbvGr,BsmtExposure,BsmtFinSF1,BsmtFinType1,BsmtUnfSF,GarageArea,GarageFinish,GarageYrBlt,GrLivArea,KitchenQual,LotArea,LotFrontage,MasVnrArea,OpenPorchSF,OverallCond,OverallQual,TotalBsmtSF,YearBuilt,YearRemodAdd,SalePrice
1828,0,3,3,48,0,1774,774,1,2007,1828,3,11694,90,452,108,5,9,1822,2007,2007,314813
894,0,2,1,0,1,894,308,0,1979,894,2,6600,60,0,0,5,5,894,1962,1962,109500
964,0,2,1,713,5,163,432,1,1979,964,2,13360,80,0,0,7,5,876,1921,2006,163500
1689,0,3,1,1218,6,350,857,2,2002,1689,3,13265,70,148,59,5,8,1568,2002,2002,271000
1541,0,3,1,0,1,1541,843,2,2001,1541,3,13704,118,150,81,5,7,1541,2001,2002,205000
1221,0,2,1,410,6,811,400,2,2004,1221,3,7500,62,0,113,5,7,1221,2004,2005,185000
1324,0,3,1,643,4,445,440,0,1979,1324,2,8658,84,101,138,5,6,1088,1965,1965,160000
696,720,3,1,604,5,92,484,1,1999,1416,3,2572,24,0,44,5,7,696,1999,1999,155000
526,462,2,4,462,6,0,297,1,1979,988,2,1596,21,0,101,5,4,462,1973,1973,91000
869,349,3,1,375,5,360,440,1,1979,1218,2,6000,60,0,0,6,6,735,1941,1950,131000
760,896,3,1,0,1,746,397,3,2003,1656,3,6931,60,92,128,5,7,746,2003,2004,165400
1362,0,2,3,20,5,1342,460,0,2005,1362,3,7577,61,256,28,5,6,1362,2005,2006,194700
1051,788,4,1,0,1,756,442,1,1979,1839,2,7700,70,351,124,5,6,756,1966,1966,155000
1375,0,2,1,0,1,1367,451,1,1979,1375,2,11310,75,0,30,5,6,1367,1954,1954,140000
1122,0,2,1,144,6,172,528,1,1979,1122,3,12000,100,0,36,7,5,924,1948,2005,147000
1432,0,2,4,680,5,289,588,1,1979,1432,3,16157,70,0,180,7,5,1360,1978,1978,194000
728,728,3,3,0,1,728,400,3,2007,1456,3,9018,65,0,24,5,7,728,2007,2007,179540
1217,0,3,3,611,6,577,497,1,1979,1217,3,9947,70,0,27,5,7,1188,1990,1991,173000
1040,0,2,0,0,0,0,625,1,1979,1040,2,7200,60,0,0,7,5,0,1950,1950,109500
612,612,2,3,294,6,318,528,2,2009,1224,3,3000,30,76,234,5,6,612,2009,2009,173733
1022,752,2,1,0,1,952,468,1,1979,1774,2,6120,51,0,0,5,7,952,1931,1950,129900
961,406,4,1,241,4,229,384,1,1979,1367,2,8405,50,0,130,8,5,861,1900,1950,119000
803,557,2,1,0,1,803,297,0,1979,1360,3,7200,60,0,65,6,5,803,1938,1995,125500
848,0,1,3,697,6,151,420,2,2004,848,3,4426,70,147,0,5,6,848,2004,2004,149300
1482,780,3,4,871,6,611,749,3,2003,2262,3,12244,85,226,0,5,8,1482,2003,2003,305000
1220,0,2,1,836,2,0,396,1,1979,1220,2,8877,67,0,0,5,4,836,1951,1951,102000
1414,0,2,1,0,1,1375,398,3,2004,1414,3,3072,70,18,20,5,7,1375,2004,2004,178740
1134,924,3,1,319,4,416,396,1,1979,2058,2,9600,60,0,0,5,6,735,1917,1950,129500
1088,110,4,1,0,0,901,0,0,0,1198,2,5586,60,0,98,7,6,901,1920,1998,79900
1659,0,2,1,1158,6,343,499,3,2000,1659,4,5664,40,0,59,5,8,1501,2000,2000,278000
1012,0,2,1,0,1,1012,308,1,1979,1012,2,8263,59,0,22,5,6,1012,1920,1950,118400
1687,998,5,1,523,6,301,672,3,1979,3082,2,15863,102,0,63,3,7,824,1920,1970,197000
1032,0,4,1,0,1,360,672,1,1979,1812,3,7630,76,0,0,9,5,360,1900,1996,140000
1057,872,3,1,738,0,319,650,3,2001,1929,3,7050,70,0,235,5,7,1057,2001,2001,226000
954,0,3,3,483,5,428,576,1,1979,954,2,10780,55,0,0,5,5,911,1976,1976,132500
1838,0,2,3,1260,6,578,765,0,2006,1838,4,14601,85,584,68,5,9,1838,2006,2006,315000
1640,0,3,1,728,3,568,924,1,1979,1640,3,14778,70,72,0,7,6,1296,1954,2006,224000
1148,0,3,1,1148,3,0,672,1,1979,1148,2,7931,70,0,0,5,5,1148,1959,1959,132500
950,0,3,1,412,3,251,280,1,1979,950,2,9758,61,0,0,5,5,950,1971,1971,119500
1065,846,3,1,380,0,397,471,2,1979,1911,3,9554,80,125,81,5,8,777,1993,1994,215000
915,720,3,1,300,4,765,440,1,1979,1635,2,8737,70,0,38,7,6,1065,1923,1950,210000
1316,0,3,3,0,0,1316,440,3,2007,1316,3,11175,103,0,20,5,7,1316,2007,2007,200141
1442,0,2,1,0,1,1442,615,2,1979,1442,2,11717,70,571,0,6,6,1442,1970,1970,185000
1078,0,3,1,734,6,344,500,3,1979,1078,2,12537,70,0,0,6,5,1078,1971,2008,149900
1120,0,3,1,932,5,108,544,2,1979,1120,1,6970,85,0,0,5,4,1040,1961,1961,129000
779,640,3,1,353,6,55,527,3,2002,1419,3,7750,70,0,0,5,8,408,2002,2002,184100
707,682,3,1,0,1,651,240,1,1979,1389,2,3378,60,0,0,8,7,651,1946,1992,135000
1063,0,3,1,354,4,412,280,2,1979,1063,2,9920,80,110,0,5,5,1056,1954,1954,128000
1792,0,2,4,1567,6,225,874,3,2003,1792,4,11846,72,562,49,5,9,1792,2003,2004,374000
1216,0,2,1,897,6,319,402,1,1998,1216,2,4500,32,116,125,5,6,1216,1998,1998,164000
998,764,4,1,0,1,596,576,1,1979,1762,3,7200,60,0,0,7,7,596,1920,1950,157000
847,1112,4,3,0,1,847,434,3,2004,1959,3,11796,59,0,48,5,7,847,2004,2005,215000
1208,0,3,1,767,5,441,546,2,1979,1208,2,11250,70,0,42,6,6,1208,1977,1977,165000
874,650,3,1,460,3,414,315,1,1979,1524,2,11344,78,180,0,5,5,874,1958,1958,144000
796,358,3,1,735,3,61,240,1,1979,1154,3,5436,40,0,96,8,4,796,1922,2007,125500
1048,0,3,0,0,0,0,420,1,1979,1048,2,7200,60,0,27,5,5,0,1950,1950,98300
886,0,2,1,0,1,190,273,1,1979,886,2,5784,50,0,20,8,5,190,1938,1996,91300
943,0,2,4,943,6,0,600,1,1979,943,2,7032,70,0,0,5,5,943,1979,1979,135960
866,902,3,1,400,6,466,603,2,2005,1768,3,9803,75,0,108,5,7,866,2005,2005,226700
1422,1177,4,1,0,1,1393,779,3,1999,2599,3,14774,108,165,30,5,9,1393,1999,1999,333168
912,0,2,1,456,4,456,275,2,1979,912,2,10150,70,1,0,5,5,912,1958,1958,114500
882,0,2,0,0,0,0,308,1,1979,882,2,12702,70,0,45,5,5,0,1956,1956,97000
1337,0,2,1,266,6,1139,511,3,1998,1337,3,4060,34,0,68,5,6,1405,1998,1999,181000
2076,0,2,4,1386,6,690,850,0,2006,2076,4,13891,107,0,229,5,10,2076,2006,2006,465000
1328,1203,4,3,56,2,1198,752,2,1979,2531,3,12257,65,513,98,5,8,1318,1995,1995,290000
981,787,3,1,569,5,162,240,1,1979,1768,3,7200,60,252,0,7,5,731,1937,1950,175000
1625,0,2,4,1573,0,0,538,0,2006,1625,3,4750,44,481,0,5,8,1573,2006,2007,235000
1444,700,4,4,697,4,747,389,3,1979,2144,3,159000,70,472,98,7,6,1444,1958,2006,277000
1521,0,3,1,0,1,1237,880,1,1979,2775,3,13500,75,0,502,9,10,1237,1893,2000,325000
1140,728,3,1,0,1,585,477,3,1979,1868,2,12090,78,74,112,7,6,585,1984,2003,178000
1525,0,3,3,1400,6,125,541,2,2000,1525,3,9100,70,244,36,5,7,1525,2000,2000,235000
1571,0,3,4,0,0,1571,722,3,2007,1571,3,10991,89,80,36,5,8,1571,2007,2007,239000
796,0,2,1,0,1,796,0,0,0,796,2,8777,67,0,0,7,5,796,1910,1950,85000
1378,994,4,1,0,1,994,432,2,1979,2372,2,6600,60,0,287,4,5,994,1892,1965,107500
802,670,3,1,0,1,384,402,2,1979,1472,3,10784,70,76,0,5,7,384,1991,1992,160000
960,0,0,3,648,6,0,364,1,1979,960,2,10246,70,0,0,9,4,648,1965,2001,145000
734,1104,4,3,0,1,732,372,3,2005,1838,2,21930,60,0,40,5,5,732,2005,2005,192140
1309,0,3,1,663,5,0,484,2,1979,1309,3,10140,78,99,0,6,6,1040,1974,1999,181000
2069,574,3,3,0,1,2153,694,3,2006,2643,4,13693,105,772,84,5,9,2153,2006,2006,380000
676,455,3,1,0,1,676,200,1,1979,1131,2,5720,52,0,0,6,5,676,1941,1950,66500
960,1000,4,1,0,1,960,400,1,1979,1960,2,7596,60,360,0,5,5,960,1952,1952,124500
1144,0,3,1,25,3,247,336,1,1979,1144,2,9204,71,0,88,5,5,1144,1963,1963,124000
1056,0,0,1,1056,6,0,576,1,1979,1056,2,6979,64,0,56,5,6,1056,1980,1980,144000
693,0,2,1,0,0,693,0,0,0,693,1,4118,153,0,20,4,4,693,1941,1950,52500
1494,0,3,4,1200,6,279,576,2,1997,1494,3,9236,79,0,27,5,6,1479,1997,1997,217000
1646,0,2,4,1373,6,221,482,3,2004,1646,3,3842,44,174,53,5,8,1594,2004,2005,275000
864,0,3,3,390,5,474,352,1,1979,864,2,7180,60,0,0,7,5,864,1972,1972,127000
1566,0,3,3,1078,6,488,750,2,2008,1566,3,9000,75,36,168,5,8,1566,2008,2008,262500
735,660,3,1,593,3,130,497,1,1979,1395,2,12936,70,0,116,6,6,723,1972,1972,162000
848,0,2,1,152,3,628,539,1,1979,1208,2,6240,52,0,23,5,4,780,1925,1950,103000
939,574,4,2,0,1,939,180,1,1979,1513,2,6120,51,0,0,8,5,939,1920,2004,137500
959,408,3,1,425,2,459,560,0,1979,1367,2,6240,52,0,0,6,6,884,1931,1950,127500
955,0,3,1,763,3,192,386,1,1979,955,2,7742,66,0,0,7,5,955,1966,1966,127000
1077,0,3,1,0,1,1007,210,1,1979,1077,2,9786,60,0,100,4,3,1007,1922,1950,91000
1056,0,3,2,1056,4,0,572,3,1979,1056,2,34650,100,0,0,5,5,1056,1955,1955,145000
756,797,3,1,0,1,756,615,2,2005,1553,3,8125,65,0,45,5,7,756,2005,2006,186500
1614,0,3,3,20,6,1594,865,2,2005,1614,3,11210,86,240,59,5,7,1614,2005,2006,221500
2042,0,3,1,0,0,2042,1390,2,2008,2042,4,12704,98,306,90,5,8,2042,2008,2009,253293
1073,0,2,1,0,1,1073,326,0,1979,1073,2,5400,60,0,0,6,5,1073,1921,1968,108480
1072,213,2,1,336,3,295,240,1,1979,1285,2,8635,50,0,0,5,5,672,1948,2001,127000
2117,0,4,2,865,3,340,550,3,1979,2117,2,12925,70,0,42,7,6,1205,1970,1970,237500
605,0,2,2,348,0,180,0,0,0,605,2,9098,58,0,0,7,4,528,1920,2002,86000
1150,0,3,1,179,5,465,300,2,1979,1150,2,7945,70,0,0,6,5,1150,1959,1959,141000
728,728,3,1,0,1,728,400,0,2005,1456,3,8029,51,0,24,5,6,728,2005,2005,176000
999,0,3,3,867,5,77,588,2,1979,999,4,12122,70,210,76,9,7,944,1961,2007,178400
750,750,3,1,0,1,750,564,2,2005,1500,3,8846,68,0,35,5,6,750,2005,2006,173900
1336,0,2,2,841,3,324,375,1,1979,1336,2,15750,90,56,0,5,5,1165,1953,1953,157000
864,729,3,1,759,6,80,398,0,2004,1593,2,7415,62,0,75,5,6,839,2004,2004,193000
1130,1054,3,3,936,6,168,836,3,2008,2184,4,11308,96,154,102,5,9,1104,2008,2008,335000
1560,0,3,1,0,1,1560,573,3,2003,1560,3,9196,129,0,150,5,7,1560,2003,2003,201000
888,0,3,1,386,2,342,312,1,1979,1644,3,9480,79,224,0,7,5,728,1942,1995,146500
630,0,3,3,515,6,115,286,1,1979,630,3,1526,21,0,0,8,4,630,1970,2002,86000
1113,0,3,1,751,3,392,504,2,1979,1113,2,7917,70,174,30,7,6,1143,1976,1976,148000
1071,1101,3,1,0,1,1063,947,2,2006,2172,3,14154,109,350,62,5,7,1063,2006,2006,280000
796,550,2,1,0,1,560,384,1,1979,1346,2,11767,70,0,24,7,4,560,1910,2000,112000
1184,1426,4,3,64,6,1120,550,3,2007,2610,4,9000,75,0,364,5,8,1184,2007,2007,303477
1026,932,3,1,0,1,1026,936,3,2005,1958,3,10625,85,0,210,5,7,1026,2005,2005,250000
1468,0,3,1,0,1,1468,898,3,2008,1468,3,9612,74,72,150,5,8,1468,2008,2009,244600
1302,432,4,0,0,0,0,539,1,1979,1734,3,10125,75,0,0,5,5,0,1977,1977,126000
768,432,3,1,352,3,416,240,1,1979,1200,2,11767,70,0,0,6,5,768,1946,1995,130500
1112,438,2,1,812,6,280,438,3,2006,1550,3,8125,65,100,168,5,7,1092,2006,2007,241000
954,795,5,1,0,1,795,440,1,1979,2230,2,6204,60,0,188,5,4,795,1912,1950,118500
1166,0,3,1,0,1,1064,240,1,1979,1639,2,10480,51,0,0,5,6,1064,1936,1950,115000
864,0,3,1,521,3,169,624,0,1979,864,2,9100,70,0,0,5,5,864,1958,1958,129900
1621,0,3,2,213,5,995,440,0,1979,1621,3,14145,91,0,45,7,7,1208,1984,1998,202500
483,504,3,1,162,5,321,264,1,1979,987,3,1680,21,510,0,8,6,483,1972,2007,118000
1238,1281,4,4,965,6,245,628,2,1979,2519,3,26178,42,293,27,5,7,1210,1989,1990,335000
765,600,3,1,765,2,0,440,1,1979,1365,2,2368,24,312,36,6,5,765,1970,1970,125000
1149,1141,4,2,0,1,1128,779,1,2002,2290,3,11250,70,0,0,5,8,1128,2002,2002,255900
1249,1347,4,3,0,1,1249,840,2,2006,2596,3,16259,111,370,154,5,9,1249,2006,2006,342643
907,0,3,1,288,4,619,352,1,1979,907,2,8593,77,0,0,6,4,907,1957,1957,109008
855,0,3,1,566,5,289,440,0,1979,1456,2,2280,24,0,0,6,6,855,1976,1976,148500
1190,0,3,3,803,5,303,540,0,1979,1190,2,7728,70,120,18,6,5,1106,1962,1962,132500
858,0,2,1,322,5,536,684,1,1979,858,2,7340,70,0,0,6,4,858,1971,1971,110000
2223,0,3,4,1880,5,343,516,3,1979,2223,2,13651,95,1115,0,6,7,2223,1973,1973,244000
1005,0,2,1,0,1,1005,672,1,1979,1005,1,10434,60,0,0,5,4,1005,1955,1955,115000
1086,809,3,1,0,1,712,409,3,1979,1895,3,10832,70,0,46,5,7,712,1994,1996,194500
1040,0,3,1,906,4,134,384,1,1979,1040,2,11200,70,0,0,5,5,1040,1965,1965,129500
1264,0,3,1,697,4,571,461,1,1979,1264,2,9300,73,324,0,5,5,1268,1960,1960,167500
874,887,3,1,0,1,874,578,3,2007,1761,3,10207,84,0,105,6,7,874,2007,2007,227875
1034,0,3,3,539,6,473,888,1,1979,1034,2,12328,70,335,0,5,6,1012,1976,1976,169900
1363,0,2,4,226,2,96,439,1,1979,1363,2,39104,73,0,0,7,7,1385,1954,2005,241500
1689,0,3,1,0,1,1436,480,1,1979,1689,2,9855,73,0,0,5,6,1436,1956,1956,127500
2113,0,2,4,1696,6,413,839,3,1979,2113,3,10437,91,660,46,6,8,2109,1995,1995,350000
1573,0,3,1,788,6,785,544,2,2002,1573,3,9808,67,110,72,5,7,1573,2002,2002,227000
2364,0,3,4,2188,6,142,820,3,2009,2364,4,12919,100,760,67,5,9,2330,2009,2010,611657
1057,977,3,1,739,6,318,645,2,1997,2034,3,9375,70,573,36,5,7,1057,1997,1998,219500
1291,0,2,2,1003,6,288,431,1,1996,1291,3,2887,70,0,0,5,6,1291,1996,1997,173000
858,0,2,4,696,3,162,0,0,0,858,2,7207,50,0,0,7,5,858,1958,2008,116500
698,560,2,2,204,4,356,280,1,1979,1258,2,9060,60,0,0,5,6,560,1939,1950,105000
438,0,1,1,290,4,0,246,1,1979,438,1,8400,60,0,0,5,2,290,1920,1950,60000
672,728,3,1,209,5,463,440,3,1979,1400,2,7844,74,203,0,7,6,672,1978,1978,149500
954,0,2,1,0,1,920,240,1,1979,954,1,6305,50,0,0,7,5,920,1938,1950,119750
1445,0,3,4,564,0,563,645,2,1979,1445,2,12095,70,115,0,6,6,1127,1964,1964,158000
1072,0,2,4,459,0,88,525,0,2005,1072,2,3675,35,80,28,5,6,547,2005,2005,148000
1664,0,4,0,0,0,0,0,0,0,1664,2,9825,75,0,0,5,5,0,1965,1965,100000
1445,689,5,1,0,1,844,441,1,1979,2134,3,11888,70,0,60,6,6,844,1916,1994,214500
1940,1254,4,2,428,3,537,380,1,1979,3194,2,12168,78,0,0,6,8,965,1934,1998,359100
912,912,4,3,0,1,912,0,0,0,1824,2,9400,94,0,0,5,6,912,1971,1971,139000
888,868,3,1,742,5,130,422,3,1996,1756,2,9303,70,42,122,5,6,872,1996,1997,204000
912,0,2,1,595,5,317,576,1,1979,912,3,8872,72,300,240,8,5,912,1965,2008,147000
1509,0,3,3,783,6,678,600,2,1979,1509,3,10200,85,219,0,5,6,1461,1988,1989,175000
1160,448,3,1,264,3,712,216,1,1979,1608,3,6171,51,0,16,6,6,976,1925,1990,137450
1316,0,3,1,28,6,1288,397,3,2005,1316,3,10237,65,0,0,5,6,1316,2005,2006,169990
1015,0,3,1,489,4,279,450,1,1979,1015,2,6120,51,0,0,7,5,768,1925,1950,88000
756,378,3,1,312,5,444,240,1,1979,1134,2,8160,60,0,0,6,5,756,1940,1950,126000
1636,0,3,1,63,6,1560,865,2,2006,1636,3,13501,116,208,60,5,8,1623,2006,2006,255000
660,660,3,1,0,1,660,400,3,2003,1320,3,7750,70,0,48,5,7,660,2003,2003,162000
1160,966,3,4,249,2,0,538,3,1979,2126,2,28698,70,0,0,5,5,1013,1967,1967,185000
1128,0,3,2,776,5,344,525,2,1979,1128,2,8700,80,148,20,6,5,1120,1963,1963,155000
1306,0,2,2,860,3,132,756,1,1979,1306,2,8712,64,0,0,7,5,992,1957,2000,153000
798,546,3,1,0,1,546,0,0,0,1344,2,1533,21,0,0,6,4,546,1970,2008,97000
1576,978,3,1,0,0,718,704,1,1979,2554,2,10800,60,0,48,8,7,718,1890,1998,159500
893,0,2,1,220,5,625,576,1,1979,893,3,9600,60,0,0,7,5,845,1949,2003,135000
894,1039,4,2,0,1,894,668,3,2007,1933,3,14598,86,74,18,5,6,894,2007,2007,214000
672,546,3,1,356,3,316,264,1,1979,1218,2,1890,21,285,28,5,6,672,1973,1973,113000
1161,808,3,1,0,1,808,534,2,1979,1969,2,11952,92,0,0,6,7,808,1977,1977,190000
1220,870,3,1,1079,6,141,556,2,1979,2090,3,10000,80,438,65,5,8,1220,1995,1996,240000
1484,0,3,3,998,5,486,487,1,1979,1484,2,12243,70,0,0,6,5,1484,1971,1971,175000
1656,0,4,1,0,1,1656,506,1,1979,1656,2,9246,87,564,211,5,5,1656,1973,1973,135000
818,406,3,1,468,4,350,210,1,1979,1224,2,3950,70,0,0,8,6,818,1926,2004,115000
1022,1032,3,1,695,6,297,390,2,2000,2054,3,12224,70,40,48,5,6,992,2000,2000,244000
854,0,2,1,0,1,832,576,1,1979,854,2,6120,51,0,112,8,7,832,1929,2001,132000
546,546,3,1,334,3,212,286,2,1979,1092,2,1974,70,0,96,5,4,546,1973,1973,83500
1268,0,3,3,196,5,1072,252,1,1979,1268,3,9286,70,0,0,7,5,1268,1977,1989,143500
827,834,3,3,385,6,70,550,2,1996,1661,3,10667,43,0,61,6,7,799,1996,1996,212000
1668,0,3,3,370,3,315,502,3,2003,1668,3,10635,48,171,262,5,8,1657,2003,2003,232000
1493,0,3,4,994,6,484,508,3,1997,1493,3,13125,75,215,39,5,6,1478,1997,1998,208900
932,0,2,1,0,1,932,306,1,1979,932,3,8280,57,0,0,5,6,932,1950,1950,124000
1277,0,2,4,778,6,499,526,1,1979,1277,2,10628,85,0,0,5,7,1277,1970,1970,167000
1530,0,3,3,1300,6,230,630,3,2004,1530,3,14572,182,0,36,5,7,1530,2004,2004,259000
1344,0,2,1,457,5,193,484,1,1979,1344,2,9503,70,0,28,5,5,1024,1958,1983,144000
860,0,2,3,672,5,168,528,1,1979,860,2,8740,74,0,0,6,5,840,1982,1982,137000
1314,0,2,1,904,6,410,626,0,2007,1314,3,5001,34,166,62,5,7,1314,2007,2008,230000
1391,571,3,2,464,6,927,868,2,2006,1962,3,8760,73,0,90,5,7,1391,2006,2006,239799
788,702,3,3,724,6,64,388,3,2004,1490,3,15384,60,0,75,5,7,788,2004,2005,184000
848,0,1,3,662,6,186,420,0,2004,848,3,4426,70,169,0,5,6,848,2004,2004,143000
672,0,2,1,0,1,672,240,1,1979,672,2,10200,60,0,0,8,5,672,1940,1997,108000
1188,1152,4,1,275,6,877,252,2,1979,2340,3,9042,66,0,60,9,7,1152,1941,2006,266500
808,704,3,1,0,1,660,180,1,1979,1656,2,10410,60,0,0,7,5,660,1916,1987,135000
725,754,4,1,626,5,99,484,3,1979,1479,3,7472,70,138,32,9,7,725,1972,2004,184000
1226,0,3,1,0,1,1226,740,2,2009,1226,3,10402,94,0,36,5,7,1226,2009,2009,198900
976,1111,5,4,568,2,264,444,3,1979,2087,3,12205,70,157,168,8,6,832,1966,2007,187500
1158,0,3,1,941,5,217,576,1,2004,1158,3,13072,63,0,50,5,6,1158,2004,2004,158000
1154,0,3,2,740,3,184,480,2,1979,1154,2,11000,70,200,58,6,5,1154,1966,1966,154000
880,844,3,3,0,1,880,527,3,1998,1724,3,8924,57,0,155,5,7,880,1998,1999,188000
773,885,3,1,219,6,554,431,3,1979,1658,2,8000,70,0,84,5,6,773,1995,1996,188000
1126,0,2,0,0,0,0,520,3,1979,1126,3,8777,67,0,96,5,4,0,1949,2003,108000
872,521,3,1,0,1,816,300,1,1979,1393,2,16466,59,0,0,7,5,816,1955,1955,135500
1968,1479,4,2,192,4,536,1014,0,1979,3447,3,14100,70,632,12,9,8,728,1935,1997,381000
483,504,2,1,309,3,174,264,1,1979,987,2,1953,21,408,0,5,6,483,1973,1973,83000
808,547,4,1,351,5,112,0,0,0,1355,2,10106,62,0,0,7,5,644,1940,1999,127500
2069,0,4,4,425,6,160,505,2,1979,2069,3,27650,313,0,0,7,7,585,1960,2007,242000
757,0,3,1,549,5,195,440,1,1999,1501,2,2280,24,360,0,5,7,744,1999,1999,179400
1976,0,2,4,1350,0,626,908,2,2006,1976,3,14977,110,304,63,5,8,1976,2006,2007,440000
1563,0,3,1,33,6,1530,758,2,2007,1563,3,10206,78,468,99,5,8,1563,2007,2007,245000
572,539,2,1,0,1,572,288,1,1979,1111,2,5700,70,0,0,7,7,572,1926,1950,116900
851,651,3,1,0,1,776,270,2,1979,1502,2,7200,60,0,0,6,7,776,1931,2000,149000
1733,0,4,0,0,0,0,452,1,1979,1733,2,13680,70,0,0,5,3,0,1955,1955,139600
1848,880,4,1,1410,6,438,706,3,2005,2728,4,20431,56,870,0,5,9,1848,2005,2006,437154
630,672,3,1,231,5,399,264,1,1979,1302,2,1680,21,268,0,7,5,630,1972,1972,119500
1332,192,0,4,1258,6,74,586,3,1979,1524,3,23595,70,0,0,6,7,1332,1979,1979,260000
1120,468,4,0,0,0,0,680,3,1979,1588,2,17120,80,0,59,4,4,0,1959,1959,134432
1125,0,2,1,0,1,1125,430,1,2006,1125,2,8536,74,0,64,5,5,1125,2006,2007,155000
520,600,2,1,0,1,600,480,2,2005,1200,3,3180,30,0,166,5,7,600,2005,2005,151000
798,842,3,1,0,1,798,520,2,2004,1640,3,8366,65,0,45,5,6,798,2004,2004,173000
1223,904,3,1,1000,6,223,525,2,1979,2127,3,10944,81,448,132,5,7,1223,1994,1994,271000
972,0,2,1,680,5,292,240,1,1979,972,2,8000,50,0,0,6,6,972,1948,2002,132000
1142,878,3,1,584,6,544,466,2,1979,2020,3,9828,80,0,155,5,8,1128,1995,1995,239500
1144,0,3,3,739,3,405,596,1,1979,1144,2,9571,68,0,0,6,5,1144,1956,1956,129000
1352,0,3,3,300,3,468,288,1,1979,1352,3,6930,92,120,0,4,5,1062,1958,1958,130000
926,0,3,1,234,2,0,484,1,1979,1316,2,5500,50,0,0,7,5,926,1929,2001,130000
1086,838,3,3,956,6,130,592,2,1998,1924,3,12011,78,530,75,5,8,1086,1998,1998,280000
1164,0,3,1,1040,5,124,240,1,1979,1164,2,10880,68,0,48,5,5,1164,1950,1950,125000
952,0,2,2,852,5,100,840,1,1979,952,2,7350,60,0,0,7,5,952,1951,1951,139000
938,1215,4,1,259,2,425,0,0,0,2358,2,5250,50,0,54,5,8,684,1872,1987,122000
1680,0,3,1,808,6,72,540,3,1979,1680,3,21695,70,260,44,9,6,880,1988,2007,222000
1221,691,3,1,0,1,482,672,1,1979,1912,2,10800,60,0,25,7,6,482,1905,2000,163000
1004,0,2,1,578,5,426,480,3,1979,1004,2,11241,70,180,0,7,6,1004,1970,1970,149000
774,456,3,1,384,5,363,305,1,1979,1230,2,4712,51,0,57,7,4,747,1946,1950,121600
1167,0,3,1,645,3,270,495,1,1979,1167,2,8731,98,0,0,5,5,915,1920,1950,144000
1301,0,2,2,405,2,740,440,1,1979,1301,1,6911,60,0,0,5,5,1145,1924,1950,100000
1453,0,3,4,1082,6,371,445,2,1979,1453,3,5271,70,0,80,5,7,1453,1986,1986,190000
1601,0,3,3,1358,6,223,670,2,2001,1601,3,11423,70,479,0,5,8,1581,2001,2002,272000
1588,0,3,3,0,1,1588,825,0,2006,1588,3,10000,85,410,45,5,8,1588,2006,2006,227000
1095,0,2,4,513,5,75,264,0,1979,1095,2,10382,75,105,0,5,6,588,1958,1958,140000
1050,0,3,1,915,4,135,368,1,1979,1050,2,10659,70,0,319,6,5,1050,1961,1961,136500
960,0,3,1,520,4,440,432,3,1979,960,2,10921,73,48,0,5,4,960,1965,1965,94750
1002,454,4,2,0,1,810,280,1,1979,1456,2,7585,50,0,0,3,5,810,1948,1950,91500
1489,0,3,1,0,1,1489,462,2,1979,1489,3,9156,70,0,0,7,6,1489,1968,1968,185750
1726,0,3,1,1126,0,600,786,0,2007,1726,4,9416,79,205,138,5,7,1726,2007,2007,311872
1362,720,3,1,0,1,1362,484,1,2003,2082,3,11426,63,0,238,5,7,1362,2003,2003,200000
1339,0,3,1,1053,5,256,484,3,1979,1339,2,8049,50,54,58,5,7,1309,1990,1990,180000
1310,1140,3,2,781,6,503,1069,3,1998,2450,3,16545,70,731,126,5,8,1284,1998,1998,340000
879,984,4,3,0,1,879,660,3,2006,1863,3,14054,58,0,17,5,7,879,2006,2006,219210
768,0,2,3,656,6,112,396,1,1979,768,2,8445,70,0,0,7,5,768,1972,2007,133000
334,0,1,0,0,0,0,0,0,0,334,1,5000,50,0,0,3,1,0,1946,1950,39300
1136,0,3,1,892,4,244,384,0,1979,1136,2,9200,80,0,0,6,6,1136,1965,1965,140000
1337,0,2,1,1201,6,36,405,3,1998,1337,2,4500,32,443,199,5,6,1237,1998,1998,153500
912,0,2,1,312,4,0,288,1,1979,912,2,7800,66,0,0,5,5,912,1964,1964,115000
876,936,4,1,540,5,324,264,2,1979,1812,2,7590,69,288,168,5,5,864,1962,1962,169500
1052,720,4,1,378,0,342,240,0,1979,2192,3,8400,60,0,24,8,5,720,1939,1997,179500
658,526,5,1,0,1,658,0,0,0,1184,2,8410,58,0,151,3,5,658,1910,1996,81000
964,925,4,1,0,1,925,308,1,1979,1889,2,10120,60,0,0,4,7,925,1910,1950,122000
1327,0,3,1,405,4,658,624,1,1979,1327,3,7388,75,0,0,6,5,1063,1959,2002,150750
1422,0,3,1,588,0,606,576,3,1979,1422,3,12090,78,210,0,6,6,1422,1981,1981,175500
1632,0,4,3,0,1,1632,576,1,1979,1632,2,25000,100,0,0,4,5,1632,1967,1967,143000
1630,0,3,1,0,0,1630,451,1,2000,1630,3,9750,75,171,234,5,7,1630,2000,2001,213000
1013,0,2,1,0,1,1013,0,0,0,1526,1,8470,105,0,0,2,3,1013,1915,1982,85000
1040,0,2,0,0,0,0,420,1,1979,1040,2,7200,60,0,0,5,4,0,1949,1950,90000
841,806,4,1,0,1,806,216,1,1979,1647,1,6858,66,0,66,4,6,806,1915,1950,128000
1328,653,4,1,622,3,500,576,1,1979,1981,3,7804,65,0,44,3,4,1122,1928,1950,135000
1644,0,3,1,1285,6,131,418,3,1979,1644,2,9600,80,238,0,5,6,1416,1953,1953,167000
1482,1092,3,1,0,1,1482,868,3,2007,2574,4,9588,69,270,148,5,8,1482,2007,2007,276000
1060,764,3,1,0,1,764,520,1,1979,1824,2,13515,60,0,0,6,6,764,1919,1950,180500
1350,0,3,4,624,6,288,520,2,1979,1350,2,9020,82,259,0,5,6,1248,1964,1964,168500
958,0,2,1,958,2,0,440,2,1979,958,2,4928,70,0,60,6,6,958,1976,1976,143750
1053,795,4,1,0,1,833,370,1,1979,1848,3,13053,64,0,0,7,6,833,1923,2000,207000
1620,0,3,1,1116,3,165,490,1,1979,1620,2,9991,70,0,78,4,4,1281,1976,1993,150000
1167,0,3,1,560,6,598,400,2,1979,1167,3,9248,70,106,26,6,6,1158,1992,1992,173000
798,0,3,1,94,2,641,220,1,1979,1487,2,8741,52,0,140,4,6,735,1945,1950,113000
892,0,3,1,432,3,460,288,2,1979,892,2,7150,65,60,0,5,5,892,1967,1967,100000
804,0,3,1,510,3,278,240,1,1979,804,3,7200,60,294,0,7,5,788,1940,1992,119000
1140,0,3,1,0,1,1140,0,0,0,1140,2,17217,90,0,56,5,5,1140,2006,2006,84500
983,813,4,1,400,3,380,483,2,1979,1796,2,7056,71,415,50,5,6,780,1963,1963,140000
1118,912,4,1,156,2,692,551,3,1979,2030,3,12046,70,298,224,6,6,848,1976,1976,195000
1026,981,3,3,765,6,252,812,0,2008,2007,4,11003,85,160,52,5,10,1017,2008,2008,310000
691,0,2,1,0,1,691,216,1,1979,691,4,5400,60,0,20,6,5,691,1920,1950,86000
786,0,3,1,0,1,768,676,2,2008,1590,3,9000,75,0,30,5,8,768,2008,2008,210000
1216,639,4,1,444,4,550,325,1,1979,1855,2,9525,75,0,0,4,6,994,1954,1972,136900
1028,776,3,1,0,1,994,442,3,1999,1804,3,7500,60,0,60,5,7,994,1999,1999,189000
884,884,3,1,550,6,334,543,0,2003,1768,3,8158,65,252,63,5,7,884,2003,2003,224900
1831,1796,4,4,1387,6,543,807,3,1979,3627,3,35760,118,1378,76,5,10,1930,1995,1996,625000
1298,0,3,1,1258,6,40,403,0,1979,1298,3,11200,70,85,26,5,6,1298,1985,1985,180000
1801,0,1,1,1247,5,254,484,3,1979,1801,2,15602,100,0,54,8,7,1501,1959,1997,289000
630,0,1,3,553,6,77,0,0,0,630,4,1533,21,0,0,7,5,630,1970,1970,92000
1103,0,2,1,397,3,706,440,0,1979,1103,3,6000,50,0,120,6,6,1103,1925,1980,110500
859,319,2,2,0,1,859,384,2,1979,1178,2,8712,66,0,0,7,4,859,1900,1950,102776
1196,0,2,1,197,2,999,440,1,1979,1196,2,4800,40,0,0,7,4,1196,1916,1990,109900
1372,0,3,1,0,1,1372,529,3,2007,1372,3,8640,72,0,140,5,7,1372,2007,2008,250580
1431,0,3,4,371,6,728,296,2,1979,1431,2,9150,101,305,110,5,6,1099,1962,1962,165000
1422,0,3,3,0,1,1422,626,2,2004,1422,3,8500,63,106,60,5,7,1422,2004,2004,179600
1079,874,3,3,985,6,595,501,3,1979,1953,3,53107,70,0,231,5,6,1580,1992,1992,240000
1121,0,2,1,0,1,1121,440,2,2003,1121,2,8546,80,0,64,5,4,1121,2003,2004,140000
1143,1330,4,3,0,1,1143,852,0,2004,2473,3,9591,76,344,151,5,8,1143,2004,2005,317000
1057,0,3,1,417,4,640,576,3,1979,1057,2,7420,70,0,0,5,5,1057,1962,1962,132000
1110,0,3,3,1097,6,0,602,3,1979,1110,3,9101,70,104,30,6,5,1097,1978,1978,165500
1164,1106,4,1,524,6,628,671,3,1999,2270,3,11764,92,348,57,7,8,1152,1999,2007,290000
2018,0,3,4,0,1,2002,746,3,2008,2018,4,13214,89,0,76,5,9,2002,2008,2009,378500
672,714,3,2,438,4,234,440,3,1979,1386,2,11616,70,328,0,5,6,672,1978,1978,158900
1082,871,3,2,0,1,1082,1043,2,2005,1953,3,10574,85,0,50,5,8,1082,2005,2006,252000
1337,0,2,1,733,6,604,462,2,1979,1337,3,5395,41,0,0,5,8,1337,1993,1993,180000
997,1288,4,1,0,1,969,648,3,2000,2285,3,11000,70,72,56,5,8,969,2000,2000,248000
1718,0,3,4,1288,6,417,826,2,2007,1718,3,10637,79,336,44,5,8,1705,2007,2008,297000
1086,0,3,3,516,5,380,484,2,1979,1086,2,13400,85,1047,0,5,5,1024,1966,1966,159950
1555,0,2,1,0,1,1373,660,3,2007,1555,3,3684,53,130,20,5,7,1373,2007,2007,174000
1902,0,3,3,1406,6,496,567,3,1979,1902,4,17500,100,0,207,8,7,1902,1959,2002,335000
1298,1216,4,1,1216,2,0,693,3,1979,2514,2,11170,70,0,0,5,7,1216,1990,1991,250000
1224,0,2,3,1086,6,0,528,1,1979,1224,2,7018,64,275,0,5,5,1086,1979,1979,153337
1054,0,3,1,602,5,14,460,1,1979,1054,2,9750,65,0,0,8,6,1054,1969,1969,151000
1276,1336,4,1,854,6,371,676,3,1998,2612,3,12203,98,975,0,5,8,1225,1998,1999,336000
902,0,3,1,599,6,277,288,1,1979,902,2,6173,70,75,0,6,5,876,1967,1967,125500
1153,0,4,1,692,6,153,484,2,1979,2353,4,13005,94,278,195,7,7,845,1980,1980,260000
689,703,3,1,378,6,311,299,3,1979,1392,2,10900,70,153,36,7,6,689,1977,1977,161750
1155,0,3,3,899,5,210,576,1,1979,1155,3,11782,88,0,0,7,5,1109,1961,1995,148000
1136,768,3,1,180,4,676,240,1,1979,1904,2,7200,60,0,0,4,5,1208,1950,1982,138000
950,208,3,1,0,1,862,208,2,1979,1158,2,6000,50,0,0,7,6,862,1929,1950,120000
751,611,3,2,0,1,611,502,3,1979,1362,2,6155,60,0,0,8,6,611,1920,1999,128000
1005,1286,4,1,0,1,975,429,3,1999,2291,3,8738,66,302,0,5,7,975,1999,1999,230000
649,668,3,1,0,1,649,250,1,1979,1317,2,8500,50,0,54,4,4,649,1920,1950,40000
1734,0,3,1,1004,6,730,928,0,2007,1734,4,12085,93,328,0,5,8,1734,2007,2007,318000
1194,0,3,1,0,1,1194,312,2,1979,1194,2,8760,73,220,0,6,6,1194,1959,1959,148000
876,540,4,2,0,1,876,720,1,1979,1416,2,12665,100,0,0,8,5,876,1915,1950,153900
1383,0,3,2,1064,3,319,354,0,1979,1383,2,13284,70,0,116,5,5,1383,1954,1954,165000
1001,1001,3,1,284,3,717,871,1,1979,2002,2,6270,82,0,0,6,5,1001,1949,1950,145000
1496,0,3,3,0,1,1496,474,0,2007,1496,3,9158,76,140,130,5,8,1496,2007,2007,225000
984,620,3,1,408,0,156,660,1,1979,1604,2,10998,60,0,68,5,5,984,1941,1960,117000
764,0,2,1,0,1,680,504,1,1979,764,2,5232,30,0,0,5,5,680,1925,2004,73000
977,755,3,1,0,0,741,476,3,1979,1732,3,9206,77,336,46,5,6,741,1985,1985,178000
1494,0,3,3,0,1,1494,840,2,2006,1494,3,10652,91,306,33,5,7,1494,2006,2007,279500
986,0,2,1,0,1,960,180,1,1979,986,2,6180,60,0,128,5,6,960,1926,1950,102000
1145,0,2,1,16,6,1129,397,3,2005,1145,3,3182,43,11,16,5,7,1145,2005,2006,160200
742,742,3,1,0,1,742,0,0,0,1484,2,6300,35,0,291,6,6,742,1914,2001,128000
1344,0,3,1,111,6,354,525,2,1979,1344,3,14375,70,541,118,6,6,819,1958,1958,137500
958,581,3,1,0,1,650,686,1,1979,1539,3,10440,60,0,78,8,5,650,1904,2002,157500
1134,1370,4,1,0,1,1122,656,3,2005,2504,4,11198,77,245,39,5,9,1122,2005,2007,325000
747,0,1,2,0,1,600,528,1,1979,747,2,5825,52,108,0,5,4,600,1926,1953,79900
1108,989,3,3,975,6,133,583,2,1998,2097,3,9750,75,0,170,6,7,1108,1998,1998,274300
3138,1538,3,4,2260,6,878,884,3,2007,4676,4,40094,130,762,406,5,10,3138,2007,2008,184750
786,390,2,1,0,1,698,624,1,1979,1176,2,6000,50,0,0,9,6,698,1937,2000,134900
720,0,2,1,495,4,225,0,0,0,720,2,7879,60,0,523,5,4,720,1920,1950,34900
1580,0,3,1,0,1,1580,830,2,2007,1580,3,11932,92,186,24,5,8,1580,2007,2008,235128
1440,0,4,4,1440,0,0,0,0,0,1440,2,7711,42,0,0,3,4,1440,1977,1977,150000
738,0,3,1,193,6,545,540,3,2005,1476,3,8633,64,0,35,5,6,738,2005,2005,173500
1500,0,3,3,20,6,1480,570,2,2004,1500,3,8487,63,210,36,5,7,1500,2004,2004,190000
884,464,3,1,0,0,884,216,1,1979,1348,2,6000,50,0,0,8,5,884,1925,1997,117000
1200,0,1,2,661,6,203,884,1,1979,1200,3,9230,71,166,64,8,5,864,1965,1998,146000
1394,0,3,1,609,3,785,514,2,1979,1394,2,9500,70,247,76,5,6,1394,1963,1963,159000
800,832,4,1,400,6,336,484,1,1979,1632,3,9130,70,252,40,8,6,800,1966,2000,173000
912,0,3,1,842,5,70,336,1,1979,912,2,8521,70,0,0,5,5,912,1967,1967,125000
1370,1254,4,1,1128,3,242,864,1,1979,2624,2,22420,86,0,0,6,6,1370,1918,1950,239000
1696,0,3,1,0,1,1140,349,0,1979,1696,2,13673,40,0,30,5,5,1140,1962,1962,143900
682,548,2,1,0,1,440,440,1,1979,1230,2,10440,60,0,0,6,5,440,1910,1981,110000
1549,1178,3,1,297,4,556,440,1,1979,2727,3,10570,70,0,74,8,8,853,1932,1994,315000
728,728,3,1,0,1,728,429,2,2006,1456,2,15578,105,0,0,5,6,728,2006,2006,172785
864,0,3,1,375,0,250,660,1,1979,864,3,6960,60,0,0,6,4,864,1970,1970,120500
970,739,3,1,0,1,970,380,1,2004,1709,3,2522,24,50,40,5,6,970,2004,2006,130000
810,855,3,1,643,6,167,528,3,2001,1665,3,8400,70,0,45,6,8,810,2001,2001,227000
1372,1274,3,4,987,6,360,656,2,1979,2646,3,9900,90,256,60,5,7,1347,1993,1993,260000
798,0,3,1,0,1,798,595,2,2003,1640,3,7226,72,0,45,5,7,798,2003,2003,183000
1014,685,3,2,440,3,538,420,1,1979,1699,2,10615,107,0,74,5,3,978,1900,1970,95000
1663,0,2,4,1116,3,248,529,0,1979,1663,3,53227,70,0,137,6,4,1364,1954,1994,256000
1728,0,6,1,1332,4,396,504,1,1979,1728,2,9100,70,336,0,5,5,1728,1963,1963,125000
1055,790,3,1,0,1,1055,462,2,1979,1845,3,11218,70,0,104,5,6,1055,1992,1992,189000
1020,831,3,4,536,3,169,440,2,1979,1851,3,9760,80,340,42,8,6,822,1964,1993,187000
1489,0,3,1,0,1,1489,776,2,2006,1489,3,11216,81,0,140,5,8,1489,2006,2006,232600
864,0,2,1,612,4,252,300,1,1979,864,2,9100,70,0,0,6,6,864,1959,1959,127500
1256,0,3,1,830,3,136,276,3,1979,1256,2,9937,75,0,68,6,5,1256,1965,1965,147500
816,0,2,1,816,0,0,816,3,1979,816,2,6600,60,0,0,8,5,816,1982,2003,138000
902,918,4,4,454,5,410,492,1,1979,1820,3,13700,70,288,84,6,7,864,1965,1988,201800
912,1215,4,2,48,3,422,833,2,1979,2127,3,13125,103,0,192,5,7,1104,1991,1991,238000
1065,0,3,1,0,1,1065,461,1,1979,1065,2,8892,80,66,0,5,5,1065,1960,1960,126500
1200,0,4,1,0,1,1200,312,1,1979,1200,2,11340,84,0,0,5,6,1200,1923,1950,125000
1208,0,2,3,686,6,501,632,2,2006,1208,3,6762,64,24,61,5,7,1187,2006,2006,206000
1133,1349,4,4,0,1,1094,642,3,2005,2482,3,12665,88,245,39,5,8,1094,2005,2006,281213
1720,0,3,1,919,6,801,527,3,1996,1720,3,10593,59,338,56,5,7,1720,1996,1996,260400
840,0,3,1,116,2,556,0,0,0,840,2,4388,55,0,0,7,5,672,1930,1950,87000
1294,0,3,1,1200,6,78,496,0,1979,1294,3,7153,70,88,51,5,6,1278,1991,1991,179200
1090,0,2,1,980,5,110,450,3,2005,1090,2,7024,60,0,49,5,5,1090,2005,2006,157000
1165,0,4,1,0,1,1141,420,3,1998,2263,3,12090,93,650,123,5,8,1141,1998,1998,258000
969,0,3,3,716,3,253,440,1,1979,969,2,10356,120,0,0,6,5,969,1975,1975,122000
894,0,2,1,0,1,894,1248,2,1979,894,2,18000,120,0,20,4,3,894,1935,1950,81000
1028,0,2,1,0,1,1008,360,1,1979,1028,2,8960,56,0,0,6,5,1008,1927,1950,115000
979,979,4,1,484,4,495,492,1,1979,1958,2,7136,82,423,0,6,6,979,1946,1950,145000
1795,0,2,3,0,1,1795,895,2,2006,1795,3,9986,75,428,49,5,8,1795,2006,2007,147000
1940,0,3,3,1646,6,284,606,3,2009,1940,4,10159,83,450,95,5,9,1930,2009,2010,395192
1178,0,3,1,1084,3,92,439,1,1979,1178,3,10000,80,0,0,6,5,1176,1973,2000,157000
810,672,3,1,156,3,516,400,1,1979,1482,1,12155,70,0,0,8,6,672,1925,1950,140000
1428,0,3,1,0,0,1417,554,2,2008,1428,4,12274,91,256,60,5,7,1417,2008,2008,227680
864,0,3,3,460,3,404,338,1,1979,864,2,15523,36,0,0,6,5,864,1972,1972,133500
616,495,3,2,236,2,0,200,1,1979,1111,2,9084,60,0,0,6,5,616,1941,1950,95000
680,790,3,1,310,0,370,420,3,1979,1470,2,9765,70,68,63,8,6,680,1993,1993,185000
1116,0,3,1,0,1,1116,440,1,1979,1116,2,10000,87,261,0,6,6,1116,1962,1962,160000
864,0,2,1,414,0,450,288,1,1979,864,3,7332,60,207,0,6,6,864,1959,1959,120000
1297,0,3,1,1213,4,84,498,3,1979,1297,2,8532,74,650,0,6,5,1297,1954,1990,153000
1113,0,3,1,607,5,506,264,1,1979,1113,3,9600,80,0,80,7,5,1113,1950,2007,147000
1501,0,3,4,679,6,811,577,2,1999,1501,3,10335,78,183,29,5,7,1490,1999,1999,204000
764,783,3,2,24,6,732,614,1,2009,1547,3,8640,72,0,45,5,7,756,2009,2009,215200
991,956,3,1,222,6,769,678,2,2004,1947,3,12552,100,0,136,5,7,991,2004,2005,254900
1717,0,3,3,0,1,1709,908,2,2006,1717,3,11146,87,250,39,5,8,1709,2006,2006,255500
1052,0,3,3,504,0,506,440,1,1979,1052,2,8816,80,80,0,7,6,1010,1971,1971,155000
1127,886,3,3,862,0,255,455,1,1996,2013,2,9920,92,0,130,5,7,1117,1996,1997,269790
1266,0,2,3,0,1,1266,388,3,2007,1266,3,3182,43,16,16,5,7,1266,2007,2007,159895
1992,876,4,3,240,6,1752,716,3,2005,2868,4,16056,85,208,108,5,9,1992,2005,2006,556581
980,1276,4,1,300,6,652,554,3,2000,2256,3,8795,70,0,54,5,7,952,2000,2000,236000
1414,0,3,3,24,6,1390,494,2,2004,1414,3,8773,65,98,105,5,7,1414,2004,2004,185500
936,785,3,1,814,6,114,471,0,1979,1721,3,8462,70,105,87,5,6,928,1994,1994,201000
811,741,3,1,550,5,163,434,2,1979,1552,2,11475,85,0,208,6,6,713,1975,1975,179900
698,430,2,1,0,1,698,528,2,1979,1128,2,7500,60,0,0,4,4,698,1920,1950,68400
1118,0,3,3,522,5,574,358,3,1979,1118,2,9880,76,0,0,6,6,1096,1977,1977,171000
1728,0,4,4,936,4,396,574,1,1979,1728,2,12640,55,0,0,5,6,1728,1976,1976,150900
1686,762,4,1,1361,6,88,711,2,1979,2448,3,46589,52,528,76,7,8,1629,1994,2005,402000
1473,0,1,4,1324,6,113,452,1,1979,1473,4,25095,65,0,48,8,5,1437,1968,2003,143000
1187,530,3,2,902,2,254,400,2,1979,1717,3,13758,44,117,36,5,7,1156,1990,1991,187500
1166,0,2,4,655,6,201,400,3,2005,1166,3,9587,59,182,0,5,7,856,2005,2005,190000
1370,0,2,2,24,6,1346,484,2,2006,1370,3,6442,44,178,49,5,8,1370,2006,2006,202500
1724,0,3,3,528,5,1152,480,2,1979,1724,2,17871,70,359,0,5,6,1680,1967,1976,197900
970,739,3,1,0,1,970,380,1,2004,1709,3,2522,24,50,40,5,7,970,2004,2004,130000
483,0,2,1,358,5,125,264,1,1979,987,2,1680,21,604,0,3,6,483,1971,1971,89500
901,901,4,1,352,2,441,216,1,1979,1802,2,7588,54,0,0,6,7,793,1920,1950,200100
1170,1175,4,1,503,4,449,360,1,1979,2345,2,16560,80,0,0,8,6,952,1932,1950,239000
1068,0,3,1,663,6,396,264,2,1979,1068,2,8414,70,0,0,8,6,1059,1963,2003,154500
1617,0,2,1,165,2,598,533,0,1979,1617,3,8012,50,0,69,5,6,1604,1993,1994,193000
1244,0,3,1,777,4,467,336,1,1979,1244,2,11988,90,0,40,6,6,1244,1957,1957,150000
1180,0,2,1,0,1,700,252,1,1979,1180,1,11600,80,0,0,5,4,700,1922,1950,137500
520,623,2,1,0,1,600,480,2,2005,1223,3,2544,24,0,166,5,7,600,2005,2005,147400
1686,0,3,1,625,3,0,612,1,1979,1686,2,10240,79,157,131,6,6,1686,1980,1980,207500
1646,0,3,4,1513,6,125,800,2,2007,1646,3,9520,71,338,44,5,8,1638,2007,2008,293077
1144,0,3,1,594,3,270,264,2,1979,1144,2,10000,80,0,0,6,5,864,1961,1983,131400
939,858,3,3,0,1,939,639,0,2006,1797,3,9245,79,0,53,5,7,939,2006,2006,213500
1224,0,2,0,0,0,0,462,1,1979,1224,2,9842,70,0,0,5,4,0,1962,1962,101800
992,873,3,1,735,6,257,839,0,2000,1865,3,10316,70,0,184,5,7,992,2000,2000,235000
1056,0,3,1,846,4,210,308,2,1979,1056,2,8176,70,0,0,6,5,1056,1958,1992,139000
1966,1174,4,1,0,1,1926,820,3,2008,3140,4,13518,104,860,78,5,9,1926,2008,2009,485000
1212,0,3,3,506,5,0,492,1,1979,1212,2,8471,88,46,12,7,6,506,1977,1995,151000
1694,0,3,3,1369,6,317,636,2,2004,1694,3,10084,75,186,57,5,8,1686,2004,2005,307000
802,709,3,3,714,6,88,413,3,1997,1511,2,11207,70,0,75,5,6,802,1997,1997,185000
1057,0,3,1,731,6,326,246,1,1979,1057,3,7922,68,0,52,7,5,1057,1953,2007,109000
1246,1044,4,1,0,1,777,560,1,1979,2290,2,11340,60,0,0,6,4,777,1885,1950,122500
1377,806,4,1,1002,6,0,786,1,1979,2183,3,13837,70,178,0,5,7,1204,1988,1988,229000
1699,1523,5,2,1470,6,203,594,1,1979,3222,3,12376,90,0,0,5,7,1673,1990,1990,320000
909,807,2,1,0,1,880,512,2,1996,1716,3,8750,70,0,120,5,7,880,1996,1996,191000
1342,0,3,1,251,4,491,457,1,1979,1342,2,9790,70,0,0,5,6,1372,1967,1967,161500
1504,0,2,1,16,6,1330,437,3,2005,1504,3,3182,43,14,20,5,7,1346,2005,2006,191000
1053,0,3,1,0,1,1053,648,2,2003,1992,3,9375,75,768,45,5,8,1053,2003,2004,250000
624,628,2,1,510,3,90,462,0,1999,1252,3,2160,24,212,48,5,7,600,1999,2000,160000
999,0,3,1,588,5,411,264,1,1979,999,3,7758,70,0,132,7,5,999,1962,2001,132500
741,622,3,1,0,0,622,528,1,1979,1363,2,7740,60,0,0,7,4,622,1910,1950,125500
1165,0,3,4,312,4,276,490,2,1979,1165,2,9020,82,183,129,7,6,1127,1966,1966,174900
1668,0,3,3,1059,6,567,702,0,2002,1668,3,11248,90,215,45,5,9,1626,2002,2002,285000
1158,1218,4,3,0,1,1158,853,2,2005,2376,3,14215,101,380,154,5,8,1158,2005,2006,325300
889,551,3,1,0,1,540,352,1,1979,1440,2,5000,63,0,0,4,5,540,1900,1950,79000
794,676,3,3,182,6,612,388,3,1997,1470,2,13869,70,0,75,6,6,794,1997,1997,177000
1541,0,3,2,1201,0,340,532,0,2005,1541,3,12182,95,226,70,5,7,1541,2005,2005,220000
1440,0,4,1,133,5,1307,0,0,0,1440,1,12108,92,270,0,4,4,1440,1955,1955,118000
1146,0,3,3,786,6,82,438,0,2003,1146,3,9590,73,442,22,5,7,868,2003,2003,187500
1494,0,3,3,437,2,0,481,3,1979,1494,4,9549,30,0,30,5,8,1494,1995,1996,270000
1462,0,4,1,1170,6,292,738,3,2004,2224,4,8834,74,216,0,5,9,1462,2004,2005,350000
820,523,3,1,0,1,731,186,1,1979,1343,2,7681,54,0,0,6,5,731,1921,1950,154900
1210,1242,4,1,281,0,747,683,3,1998,2452,3,16226,66,0,50,5,8,1028,1998,1999,267000
1127,850,4,1,442,4,374,540,2,1979,1977,2,9500,100,272,52,6,6,816,1964,1978,165000
1064,703,2,1,495,6,354,504,2,1979,1767,3,5306,44,0,35,7,7,1064,1987,1987,239000
1324,0,2,1,863,6,461,550,3,2006,1324,3,6240,48,176,38,5,8,1324,2006,2006,254000
912,546,3,1,0,1,912,330,1,1979,1458,2,17503,78,0,0,5,6,912,1948,1950,97500
1314,0,3,1,24,6,1290,440,2,2006,1314,3,9317,78,0,22,5,6,1314,2006,2006,176432
1575,0,3,1,430,6,1145,529,2,1979,1575,3,8012,50,0,0,5,6,1575,1992,1992,179200
1620,0,2,4,1022,6,598,912,3,2007,1620,4,12898,89,70,0,5,9,1620,2007,2008,315500
1104,684,5,3,0,1,1104,304,1,1979,1788,2,11250,70,0,0,5,4,1104,1957,1989,161500
913,0,3,4,187,2,0,240,1,1979,913,2,8400,70,0,0,5,6,814,1966,1966,129000
2073,0,3,1,790,5,589,500,1,1979,2073,2,13175,85,119,0,6,6,1542,1978,1988,210000
764,677,2,1,0,1,776,492,1,1999,1441,3,2645,24,456,0,5,8,776,1999,2000,174000
815,875,3,1,0,1,815,225,0,1979,1690,2,8850,65,0,0,6,7,815,1916,1950,144000
1437,0,3,1,988,4,200,576,1,1979,1437,2,14175,70,0,0,6,5,1188,1956,1987,168000
2156,0,3,1,297,3,1203,508,2,1979,2156,2,20781,70,0,80,7,7,1568,1968,2003,262500
864,0,2,1,468,4,396,0,0,0,864,2,5604,67,0,0,6,5,864,1925,1950,98000
536,576,3,1,129,4,175,336,1,1979,1112,2,2592,36,0,0,3,5,536,1976,1976,85000
1122,1121,4,1,700,5,0,746,2,1979,2243,3,13474,116,246,44,5,7,700,1990,1991,225000
810,518,3,1,0,1,686,210,1,1979,1328,2,9906,57,0,172,4,4,686,1925,1950,107000
968,0,4,1,0,1,656,216,1,1979,968,2,10800,60,0,0,6,4,656,1927,2007,64500
698,698,3,1,0,1,698,384,1,1979,1396,2,8730,60,0,0,7,6,698,1915,2003,153575
1856,0,1,3,1445,6,411,834,3,2010,1856,4,11394,88,350,0,2,9,1856,2010,2010,394432
1610,551,3,1,1288,6,294,789,3,2007,2161,4,10562,86,300,120,5,8,1582,2007,2007,325624
1602,0,3,1,1246,5,356,529,3,1979,1602,3,16635,70,126,0,7,6,1602,1977,2000,215000
630,672,3,1,0,1,630,280,1,1979,1302,2,1680,21,142,0,5,5,630,1971,1971,112000
807,702,3,1,457,6,326,393,3,2002,1509,3,7861,70,0,75,5,6,783,2002,2003,183200
912,0,2,1,737,5,175,352,0,1979,912,2,12968,70,0,0,6,5,912,1962,1962,144000
1004,0,3,1,399,5,605,420,0,1979,1664,2,5000,50,0,24,7,6,1004,1947,1950,159000
1390,304,4,1,423,4,758,576,1,1979,1694,2,8400,60,0,0,5,6,1181,1925,1950,136500
747,0,2,1,0,1,747,220,1,1979,747,2,4608,47,0,0,6,4,747,1945,1950,80000
1040,0,2,0,0,0,0,420,1,1979,1040,2,7200,60,0,29,5,4,0,1950,1950,109900
831,829,3,1,0,1,831,493,2,2002,1660,3,8935,68,95,68,5,7,831,2002,2002,195000
1026,665,3,1,218,2,808,308,1,1979,1691,3,5000,50,0,0,6,5,1026,1924,1950,127000
864,0,3,1,398,5,317,720,2,1979,864,3,7200,60,0,0,8,5,864,1950,2002,129000
752,0,2,1,623,5,0,264,1,1979,752,2,7175,50,0,0,5,6,744,1984,1984,125000
963,829,3,1,361,6,602,564,2,2001,1792,3,12435,80,172,96,5,7,963,2001,2001,231500
764,862,2,1,0,1,764,474,2,2003,1626,3,2628,36,106,27,5,7,764,2003,2003,175500
1484,0,3,3,428,6,1048,472,2,2006,1484,4,9037,64,32,33,5,8,1476,2006,2006,265900
1675,1818,3,1,0,1,1470,870,1,1979,3493,3,18386,87,0,0,9,7,1470,1880,2002,295000
1652,0,2,1,1572,6,80,840,3,2006,1652,4,13173,108,300,102,5,9,1652,2006,2007,325000
1276,0,3,1,0,1,1276,350,1,1979,1276,2,9571,68,0,0,3,5,1276,1958,1958,60000
1112,0,3,1,120,3,736,271,1,1979,1668,2,9600,80,0,0,8,6,856,1950,2005,140000
720,472,4,1,0,1,720,0,0,0,1192,2,10800,60,0,0,4,4,720,1949,1950,135000
884,0,2,3,747,5,0,504,2,1979,884,3,9180,70,0,0,7,5,840,1983,1983,144000
1180,0,3,4,1065,6,92,454,0,1979,2062,2,14364,70,128,55,5,7,1157,1988,1989,277000
827,0,2,0,0,0,0,392,0,1979,827,2,7200,60,0,0,7,5,0,1955,2007,107500
1136,883,3,1,0,1,728,532,1,1979,2019,3,11414,60,0,135,8,7,728,1910,1993,167500
616,688,3,2,0,1,264,336,3,1979,1304,2,2665,70,0,24,6,5,264,1976,1976,115000
684,684,3,1,0,1,684,216,1,1979,1368,2,3600,60,0,158,7,6,684,1910,1993,114504
840,765,3,1,0,1,840,379,1,1979,1605,2,5790,60,0,0,6,3,840,1915,1950,107400
2020,0,3,1,1436,6,570,900,3,2009,2020,4,12220,94,305,54,5,10,2006,2009,2009,402861
625,625,2,1,0,1,625,528,2,2006,1250,3,4251,35,0,54,5,7,625,2006,2007,164700
1624,0,2,1,1456,6,168,757,2,1979,1624,3,12461,89,0,114,5,8,1624,1994,1995,262000
845,0,2,1,565,5,280,360,1,1979,845,2,7599,69,0,0,6,4,845,1982,2006,129500
1389,0,2,3,1071,5,195,418,2,1979,1389,2,10010,77,0,38,5,5,1389,1974,1975,170000
968,0,2,1,0,1,968,480,1,1979,968,2,8520,60,0,0,6,5,968,1923,2006,100000
546,546,3,1,0,1,546,286,1,1979,1092,2,2001,21,80,0,5,4,546,1970,1970,75000
848,0,1,3,685,6,163,420,3,2003,848,3,4435,70,170,0,5,6,848,2003,2004,144000
1269,0,3,1,374,3,363,308,1,1979,1269,2,7931,70,0,0,6,5,1269,1960,1960,155000
1092,0,3,1,170,2,252,288,1,1979,1092,2,11616,70,116,20,5,5,1092,1962,1962,139000
1468,795,3,1,795,5,0,539,3,1979,2263,3,16659,70,34,250,7,7,795,1977,1994,235000
952,0,2,1,228,5,724,283,1,1979,952,2,8475,70,0,0,7,4,952,1956,1956,135750
736,716,2,1,0,1,736,0,0,0,1452,2,4456,33,0,0,5,4,736,1920,2008,113000
1039,0,3,2,841,3,198,504,1,1979,1039,2,11625,75,0,0,4,5,1039,1965,1965,131500
1204,0,2,1,866,6,338,412,0,1998,1204,2,4500,32,320,247,5,6,1204,1998,1998,162000
1117,0,3,3,422,5,480,672,0,1979,1117,2,7819,94,0,0,5,6,1029,1976,1976,107000
2196,0,3,2,485,5,1496,701,2,1979,2196,3,14684,90,234,70,7,7,2158,1990,1991,271900
985,0,3,3,595,6,390,328,1,1979,985,2,8385,65,220,0,8,5,985,1977,1977,149900
1629,0,3,1,1124,6,1603,880,0,2003,1629,3,10655,85,296,0,5,8,3206,2003,2004,284000
877,600,3,1,0,1,861,216,1,1979,1477,2,6292,52,0,50,7,7,861,1928,1950,145000
980,0,3,1,560,3,420,484,1,1979,980,2,7064,71,153,0,6,5,980,1977,1977,135000
1166,1129,4,1,728,6,367,590,2,1979,2295,3,13346,70,0,40,5,7,1095,1992,2000,268000
900,602,3,1,0,1,602,180,1,1979,1502,3,10592,55,0,0,7,6,602,1923,1996,165000
1575,626,4,3,0,0,697,432,1,1979,2201,3,19690,70,0,236,7,6,697,1966,1966,274970
1050,1028,3,1,789,6,245,836,3,2007,2078,4,10800,85,100,102,5,8,1034,2007,2008,339750
800,0,1,1,0,1,264,0,0,0,800,1,6120,51,0,0,3,2,264,1936,1950,60000
1578,0,3,1,0,1,1573,840,0,2008,1578,4,9262,78,194,36,5,8,1573,2008,2009,287090
1932,0,2,3,1336,6,596,774,3,2008,1932,4,12444,96,426,66,5,8,1932,2008,2008,394617
1507,0,4,1,666,5,409,404,1,1979,1507,2,7910,70,0,0,5,5,1075,1960,1960,127000
900,0,3,1,450,3,432,280,1,1979,900,2,9819,70,31,0,5,5,882,1967,1967,122000
1718,0,3,4,1172,6,528,786,3,2006,1718,4,12456,96,230,48,5,10,1700,2006,2007,337500
1089,661,3,1,0,1,636,240,1,1979,1750,4,9000,50,0,0,6,5,636,1880,1991,124000
1383,1015,3,1,719,0,660,834,3,1996,2398,3,11787,95,594,60,5,7,1379,1996,1997,315750
774,1194,4,1,0,0,774,680,3,2009,1968,4,12003,92,84,75,5,8,774,2009,2010,269500
1536,0,3,3,810,6,726,532,2,2002,1536,3,9135,70,113,74,5,7,1536,2002,2003,214000
864,0,2,1,203,4,661,200,1,1979,864,2,8212,45,0,0,3,3,864,1914,1950,58500
3228,0,3,1,1231,6,1969,546,0,1979,3228,3,12692,70,0,75,5,8,3200,1992,1993,430000
1518,631,1,1,1351,6,83,670,2,2003,2149,3,12822,48,0,43,5,7,1434,2003,2003,239686
1320,1320,4,1,0,1,1240,864,1,1979,2640,3,11700,65,0,0,7,7,1240,1880,2003,265979
1682,0,3,1,0,1,1304,530,1,1979,1682,2,10400,80,288,0,6,7,1304,1970,1970,174000
1038,1060,3,2,0,1,1030,878,2,2005,2098,4,10240,80,178,52,5,8,1030,2005,2005,275500
864,0,3,1,553,4,0,360,1,1979,864,2,8281,60,0,0,5,5,864,1965,1965,62383
1168,800,3,3,562,0,29,530,2,1979,1968,2,11075,70,232,189,4,5,784,1969,1969,172000
1097,0,3,1,338,6,702,480,1,1979,1097,2,9672,81,0,0,5,6,1040,1984,1985,152000
684,512,3,2,0,1,684,528,1,1979,1196,3,12354,67,0,46,8,6,684,1920,2000,110000
1252,668,4,1,57,5,554,451,1,1979,1920,3,13650,70,0,0,5,5,1052,1958,1958,172500
1728,0,6,1,231,2,1497,576,1,1979,1728,2,13101,74,108,0,5,5,1728,1965,1965,142600
1128,903,3,1,804,6,324,577,0,2002,2031,3,9473,75,0,211,5,8,1128,2002,2002,237000
1196,0,2,1,616,2,580,297,2,1979,1196,2,9000,72,74,44,5,6,1196,1956,1956,139000
803,0,2,3,116,3,604,360,1,1979,803,2,5000,50,0,0,6,5,720,1941,1950,87000
780,840,4,1,493,4,0,462,3,1979,1620,2,10793,80,263,0,5,5,780,1969,1969,152000
2097,0,1,2,1721,0,356,1134,3,2005,2097,4,20896,49,0,267,5,8,2077,2005,2006,423000
1869,0,2,1,0,1,1869,617,2,2007,1869,4,7820,68,362,54,5,9,1869,2007,2007,318061
956,930,3,1,0,1,930,431,3,1998,1886,3,11214,70,0,0,5,7,930,1998,1999,199900
480,0,3,3,50,3,430,308,0,1979,480,2,9000,50,0,0,3,2,480,1949,1950,35311
1296,0,2,0,0,0,0,516,1,1979,1296,2,10791,72,0,0,5,4,0,1967,1967,90000
816,0,2,2,690,5,126,288,1,1979,816,2,8877,67,0,0,6,4,816,1938,1958,100000
1601,0,3,1,704,5,567,478,2,1979,1601,2,11880,82,206,0,5,7,1271,1978,1978,157000
962,830,3,1,0,1,936,451,3,2000,1792,2,10261,93,318,0,5,6,936,2000,2000,186500
1352,1168,5,1,1012,6,326,796,2,1979,2520,3,14541,70,0,55,7,8,1338,1993,1993,310000
1144,0,3,3,748,0,102,796,2,1979,1144,2,8163,70,128,0,6,5,1144,1959,1959,143000
990,1611,4,1,0,1,612,621,2,1979,2601,2,9842,51,0,0,6,5,612,1921,1998,189000
972,605,3,1,0,1,972,312,1,1979,1577,1,6435,65,0,0,5,6,972,1939,1950,140200
970,0,2,1,630,6,340,624,1,1979,970,2,8480,80,0,24,6,5,970,1963,1963,132500
2036,0,3,4,1236,5,80,513,2,1979,2036,2,215245,150,0,0,5,7,2136,1965,1965,375000
1026,0,3,1,439,6,115,440,2,1979,1026,3,7930,61,0,48,8,6,1026,1969,2005,156000
698,0,2,1,0,1,698,0,0,0,698,2,9405,50,0,200,9,5,698,1947,2008,118000
1533,0,2,4,655,5,878,576,1,1979,1533,3,70761,62,0,54,5,7,1533,1975,1975,280000
854,0,2,1,360,4,360,660,0,1979,1382,2,12358,70,0,0,6,5,720,1941,1950,128500
1391,0,2,2,16,0,1375,530,0,2004,1391,3,4282,59,0,158,5,7,1391,2004,2004,196000
1078,0,2,2,49,0,0,240,1,1979,1078,3,9717,68,0,0,6,5,1078,1950,1996,142125
1296,0,2,1,1005,6,262,471,3,2001,1296,3,6853,70,136,25,5,8,1267,2001,2002,220000
1442,0,4,1,608,4,834,301,2,1979,1442,2,9750,75,243,0,6,6,1442,1958,1958,157900
1024,940,4,3,0,1,940,0,0,0,1964,2,8525,55,0,192,6,5,940,1911,1950,130000
1502,0,3,1,0,1,1502,644,2,2009,1502,3,9541,79,268,114,5,7,1502,2009,2009,233170
1392,0,3,1,1040,4,352,458,2,1979,1392,2,11900,80,387,0,5,6,1392,1957,1957,166000
1768,0,4,1,0,1,1768,0,0,0,1768,2,10778,72,0,0,5,4,1768,1968,1968,136500
1582,0,4,3,812,4,812,390,1,1979,1582,2,36500,70,621,198,5,5,1624,1964,1964,190000
958,0,2,2,498,3,460,301,2,1979,958,2,12772,70,0,0,8,6,958,1960,1998,151500
894,0,2,3,777,4,117,600,2,1979,894,2,7200,60,0,0,5,5,894,1972,1972,123000
1224,0,2,1,883,6,341,402,3,1999,1224,2,4500,70,425,304,5,6,1224,1999,1999,165000
1742,590,3,3,1280,6,402,846,3,2007,2332,4,12474,96,272,134,5,10,1682,2007,2008,426000
1269,0,2,1,24,6,1232,430,3,2004,1269,3,3182,43,16,20,5,8,1256,2004,2005,192000
1776,0,3,4,80,6,1652,712,3,2006,1776,3,15306,93,100,0,5,8,1732,2006,2007,283463
728,728,3,1,0,1,728,390,3,2005,1456,3,8461,65,0,24,5,6,728,2005,2006,163990
1194,0,3,2,655,5,0,539,3,1979,1194,2,8910,79,0,0,6,6,655,1959,1959,159500
1008,0,2,1,643,3,365,240,1,1979,1008,3,8923,66,0,18,7,5,1008,1953,2006,134500
1555,0,2,3,16,6,1357,430,3,2005,1555,3,3182,43,16,20,5,7,1373,2005,2006,192500
892,892,4,2,0,1,747,180,1,1979,1784,2,13132,96,0,40,5,5,747,1914,1950,138887
1108,0,3,1,0,1,637,280,1,1979,1108,3,7449,57,0,0,7,7,637,1930,1950,139400
754,640,3,1,0,0,384,400,3,2006,1394,3,9735,73,0,0,5,5,384,2006,2007,167500
980,734,3,1,394,0,586,496,1,1979,1714,2,10421,80,42,66,5,7,980,1988,1988,196500
882,0,3,0,0,0,0,294,2,1979,882,2,8339,70,0,0,7,5,0,1959,1959,106500
1306,0,3,1,0,1,728,0,0,0,1306,1,5350,55,0,0,2,3,728,1940,1966,76500
626,591,3,1,0,0,626,288,2,1979,1217,2,10762,75,0,28,6,6,626,1980,1980,120000
990,0,3,1,495,6,495,299,1,1979,990,2,8775,65,0,64,5,5,990,1994,1994,126000
1132,1320,4,3,0,1,1117,691,0,2004,2452,3,13418,108,132,32,5,8,1117,2004,2005,309000
848,0,1,3,685,6,163,420,0,2003,848,3,4435,70,170,0,5,6,848,2003,2003,140000
697,672,3,1,551,3,121,300,0,1979,1369,2,6629,54,0,0,6,6,672,1925,1950,103600
1218,0,2,1,27,6,1191,676,3,2009,1218,3,7862,75,0,102,5,6,1218,2009,2009,208300
1423,748,3,1,0,1,588,672,3,1979,2555,2,11526,79,0,0,7,6,588,1922,1994,191000
1247,0,1,1,1039,6,208,550,3,2005,1247,3,3316,37,0,84,5,8,1247,2005,2005,197000
1542,1330,4,1,896,5,434,619,3,1979,2872,2,12227,70,424,282,7,6,1330,1977,1995,272000
1652,0,2,4,1480,6,120,482,0,2008,1652,3,5587,64,186,53,5,8,1600,2008,2008,392500
1844,0,3,1,705,3,1139,546,2,1979,1844,2,11751,105,480,122,6,6,1844,1977,1977,190000
1113,858,3,2,341,6,772,689,2,2005,1971,3,9675,75,0,48,5,7,1113,2005,2005,253000
1007,793,3,1,0,1,982,463,3,2000,1800,2,8123,60,16,63,5,6,982,2000,2000,179000
1062,887,3,1,750,6,300,574,3,1979,1949,3,9938,80,246,90,5,7,1050,1993,1994,236000
630,0,1,3,150,2,0,0,0,0,630,2,1491,21,0,24,6,4,630,1972,1972,75500
1494,0,3,2,922,6,572,530,2,2002,1494,3,12803,88,99,36,5,7,1494,2002,2002,221000
600,0,3,1,0,1,600,0,0,0,968,2,5925,50,0,0,6,3,600,1910,1950,37900
1274,0,3,1,925,6,349,508,0,2005,1274,3,8814,68,80,98,5,7,1274,2005,2007,203000
1520,0,3,3,674,3,350,364,2,1979,1520,2,9600,80,164,0,6,6,1156,1955,1972,153000
1285,0,3,1,0,1,660,528,2,1979,1285,2,8197,71,148,0,5,6,660,1977,1977,143500
807,702,3,1,0,1,783,393,3,2003,1509,3,7875,63,0,75,5,7,783,2003,2003,180000
1142,793,3,1,0,1,793,550,2,1979,1935,2,12384,70,233,113,7,7,793,1976,1976,197900
816,0,3,3,816,6,0,0,0,0,816,2,11841,81,104,32,5,6,816,1990,1990,118500
1200,0,2,1,833,0,343,555,2,2003,1200,3,10083,67,0,41,5,7,1176,2003,2003,184900
997,0,4,1,0,1,941,548,1,1979,1470,2,8172,60,0,0,6,4,941,1954,1972,135000
1656,0,3,4,639,3,441,528,3,1979,1656,2,31770,141,112,62,5,6,1080,1960,1960,215000
792,0,2,1,0,1,768,240,1,1979,792,3,9022,52,0,0,8,5,768,1924,2006,109500
1694,0,3,1,0,1,1694,818,3,2007,1694,3,12030,93,254,228,5,8,1694,2007,2007,318000
1800,0,3,4,1274,6,526,765,3,2002,1800,3,14331,85,630,78,5,8,1800,2002,2002,312500
1422,915,5,1,0,1,662,560,1,1979,2337,2,13600,85,0,57,5,5,662,1900,1950,90000
1168,678,3,2,196,4,844,315,1,1979,1846,2,10496,78,320,0,6,6,1040,1949,1950,143000
1026,0,3,4,505,6,0,576,1,1979,1026,2,10970,70,0,0,6,6,940,1978,1978,147000
904,0,3,1,0,1,876,408,1,1979,904,2,7162,70,41,0,7,5,876,1966,1966,109900
1126,0,3,1,936,5,190,484,2,1979,1126,2,17400,80,0,41,5,5,1126,1977,1977,160000
1136,1332,4,3,970,6,166,872,0,2004,2468,3,12099,99,388,154,5,8,1136,2004,2004,354000
988,0,1,4,938,5,0,540,1,1979,988,2,21453,70,0,130,5,6,938,1969,1969,180000
1052,0,3,3,1016,0,36,288,2,1979,1052,2,8400,70,168,0,5,5,1052,1968,1968,138500
572,524,2,1,0,1,572,0,0,0,1096,2,9600,60,0,8,5,6,572,1924,1950,79000
1141,0,3,1,0,1,1141,484,1,2005,1141,2,13072,63,0,0,5,6,1141,2005,2005,142500
1012,778,4,1,247,4,485,484,2,1979,1790,2,10400,80,288,0,5,6,732,1972,1972,165150
1004,848,3,2,668,6,336,660,3,1999,1852,3,9066,73,320,106,5,8,1004,1999,2000,230000
520,0,2,3,490,6,30,0,0,0,754,2,6780,60,0,0,8,6,520,1935,1982,84500
624,720,4,1,0,1,624,513,1,1979,1344,2,4571,34,0,0,5,5,624,1916,1950,98000
2207,0,3,4,912,6,1035,576,2,1979,2207,2,19900,70,287,0,5,7,1947,1970,1989,180000
1307,1051,5,1,0,1,907,360,0,1979,2358,2,45600,75,0,40,8,6,907,1908,1997,240000
1175,1540,4,1,575,6,487,831,3,1979,2715,3,8963,70,289,204,9,8,1142,1976,1996,299800
1364,0,2,3,659,6,705,484,2,2005,1364,3,7052,43,240,36,5,7,1364,2005,2005,185850
1253,0,3,1,0,1,1237,402,3,1979,1253,2,7875,63,38,21,5,7,1237,1995,1996,176000
1328,0,3,1,569,5,678,528,1,1979,1328,2,9790,70,451,26,5,6,1328,1963,1963,143000
1422,0,3,1,0,1,978,286,2,1979,1422,2,12342,70,0,0,5,5,978,1960,1978,139900
1186,800,3,1,454,3,314,486,1,1979,1986,2,13600,85,176,42,6,7,768,1965,1990,205000
952,0,2,1,0,1,952,192,1,1979,952,1,8854,70,0,98,6,6,952,1916,1950,121000
1660,0,3,2,1220,6,440,500,2,2006,1660,3,10182,85,420,50,5,8,1660,2006,2006,290000
2234,0,1,1,1904,6,312,1166,3,2008,2234,4,17423,63,748,60,5,9,2216,2008,2009,501837
790,0,2,2,384,0,384,160,1,1979,790,2,6292,52,0,141,5,6,768,1930,1950,91000
1340,0,3,3,24,6,1316,396,3,2007,1340,3,8899,73,0,30,5,7,1340,2007,2007,181134
1610,0,3,2,1200,5,410,480,2,1979,1610,3,10603,70,28,68,7,6,1610,1977,2001,205000
1361,1259,4,1,498,6,652,600,2,1979,2620,2,18890,70,1,24,5,5,1361,1977,1977,190000
1248,0,2,3,16,6,1232,438,3,2005,1248,3,3010,43,16,0,5,7,1248,2005,2006,167240
912,0,3,2,832,6,80,288,0,1979,912,3,6768,65,0,0,8,6,912,1961,1996,142000
943,0,3,4,828,6,115,472,3,1998,1638,2,9042,59,0,38,5,6,943,1998,1998,192000
1622,0,3,3,1159,3,90,1356,3,1979,1622,2,32463,70,149,0,4,4,1249,1961,1975,168000
1436,884,3,1,774,5,104,180,1,1979,2320,3,7259,61,0,0,8,6,1028,1945,2002,259500
1144,0,3,1,572,4,572,456,1,1979,1144,2,7875,75,136,0,6,5,1144,1961,1961,139950
848,672,3,1,182,4,611,281,1,1979,1520,2,4500,55,0,0,5,5,793,1932,2000,159434
1516,0,3,1,196,4,975,472,2,1979,1516,2,10004,100,180,0,6,6,1516,1964,1964,167000
1498,0,2,2,0,1,1498,675,0,2006,1498,3,8990,73,0,33,5,7,1498,2006,2006,204900
804,1157,3,1,690,5,114,560,3,2001,1961,3,12209,71,0,192,5,6,804,2001,2002,215000
728,728,3,1,0,1,728,440,3,2006,1456,3,11103,85,0,0,5,7,728,2006,2006,155835
1207,1196,3,2,0,1,1032,349,1,1979,2403,2,24090,70,0,0,7,7,1032,1940,1950,244400
1944,0,3,4,1274,0,622,708,3,2003,1944,4,12378,90,0,175,5,9,1896,2003,2004,360000
1368,0,2,1,0,1,1368,474,2,2005,1368,3,6955,48,94,35,5,7,1368,2005,2006,202500
882,908,3,1,633,6,240,588,2,1999,1790,3,9179,68,158,88,5,7,873,1999,1999,193000
1476,1237,3,3,1330,6,122,858,3,2008,2713,4,14948,67,268,66,5,9,1452,2008,2008,446261
720,551,3,1,0,1,720,312,0,1979,1271,2,21286,115,0,0,5,5,720,1948,1950,135000
1872,0,3,3,929,6,916,604,0,1979,1872,2,10400,80,102,39,5,7,1845,1988,1988,241500
1190,900,3,2,828,6,180,577,3,1979,2090,3,5062,70,0,0,5,7,1190,1984,1984,207500
882,914,3,2,706,6,88,546,2,1998,1796,2,9531,70,0,36,5,6,794,1998,1998,211000
1302,0,3,3,0,1,1302,436,3,2007,1302,3,8993,73,0,22,5,7,1302,2007,2007,176485
2524,0,4,1,1104,5,1420,542,3,1979,2524,3,9600,80,0,120,5,8,2524,1981,1981,278000
840,534,2,1,315,5,420,338,3,1979,1374,2,5400,90,0,0,6,4,840,1920,1950,105000
764,862,2,1,567,6,197,474,2,2003,1626,3,2268,36,106,27,5,7,764,2003,2004,173000
735,299,2,1,0,0,735,240,1,1979,1034,2,10134,60,0,39,6,5,735,1940,1950,109000
1518,0,1,4,1218,6,300,588,2,2003,1518,4,12677,62,472,140,5,8,1518,2003,2004,274000
1226,592,4,1,224,2,816,240,0,1979,1818,2,7758,70,600,0,4,7,1040,1931,1950,169500
1661,0,3,1,0,1,1649,598,2,1998,1661,3,12137,48,442,34,5,7,1649,1998,1998,224900
1096,895,3,2,297,4,0,432,1,1979,1991,2,11275,70,480,0,7,6,854,1932,1950,220000
832,650,3,1,624,5,26,324,1,1979,1482,2,9000,50,0,0,9,7,650,1920,1988,143000
1742,0,2,4,1148,6,594,564,2,1979,1742,3,6563,70,0,28,5,8,1742,1985,1985,275000
686,564,3,1,0,1,686,280,0,1979,1250,1,8248,45,0,0,7,5,686,1918,1950,116000
816,0,3,1,0,1,816,528,1,1979,1176,2,6240,52,0,0,6,6,816,1934,1950,114500
927,988,3,2,789,6,119,506,3,1979,1915,3,10041,80,0,150,5,8,908,1992,1992,220000
1192,403,2,1,388,2,552,240,1,1979,1595,2,8400,60,0,0,5,6,940,1940,2000,140000
1661,0,3,3,831,3,161,377,2,1979,1661,3,9600,80,0,28,6,6,992,1955,1996,165500
832,1103,3,1,544,6,288,552,3,2009,1935,2,8004,75,110,150,5,8,832,2009,2009,263435
1795,0,3,1,0,0,1777,534,2,2002,1795,3,9742,75,281,159,5,8,1777,2002,2002,230000
847,1081,4,1,0,0,847,434,3,2003,1928,3,8200,65,0,48,5,7,847,2003,2004,219500
1159,0,3,1,673,3,378,336,1,1979,1159,2,11553,70,188,0,5,5,1051,1968,1968,158000
855,601,3,1,311,0,544,440,1,1979,1456,2,2280,24,0,0,5,6,855,1978,1978,146000
1137,817,3,1,341,3,457,431,0,1979,1954,3,15660,70,312,119,9,7,798,1939,2006,311500
2028,0,2,4,1460,6,408,880,2,2005,2028,3,11443,88,208,66,5,8,1868,2005,2006,369900
2898,0,2,3,1165,5,0,665,3,1979,2898,3,15498,70,0,72,6,8,1565,1976,1976,287000
814,860,3,1,533,6,281,663,2,2000,1674,3,7500,70,0,96,5,7,814,2000,2000,216000
974,0,3,2,212,3,762,0,0,0,974,2,10712,63,0,28,5,5,974,1991,1992,93500
1091,898,3,2,932,6,133,586,3,2002,1989,3,11367,90,210,60,5,8,1065,2002,2002,255000
1080,1017,3,1,50,3,499,678,0,1979,2097,3,11228,59,0,187,5,7,1080,1993,1993,228000
1442,0,3,1,0,1,1424,500,0,1979,1442,2,11851,99,0,34,5,7,1424,1990,1990,180500
1130,0,2,1,821,0,299,720,1,1979,1130,2,10800,60,0,0,6,5,1120,1920,1950,120000
1133,687,4,1,329,4,697,240,1,1979,1820,2,9120,60,0,100,6,7,1026,1925,1950,184000
1378,741,3,1,0,1,689,583,0,1979,2119,2,10448,70,333,104,6,6,689,1972,1972,158000
1264,1312,4,1,0,1,1234,666,3,2006,2576,4,12438,82,466,100,5,8,1234,2006,2006,361919
780,240,2,1,0,1,780,0,0,0,1020,2,6342,54,0,0,8,5,780,1875,1996,94000
1095,679,4,1,0,1,1095,779,1,1979,1774,2,9600,60,0,0,2,4,1095,1900,1950,87000
904,0,1,4,350,3,333,0,0,0,904,1,10020,70,0,0,1,1,683,1922,1950,61000
673,709,3,1,641,6,32,490,1,2000,1382,3,2651,70,0,50,5,7,673,2000,2000,165000
1518,1518,4,2,0,1,1107,840,1,1979,3608,4,22950,90,0,260,9,10,1107,1892,1993,475000
1178,1032,5,2,0,1,1008,205,1,1979,2210,1,9900,90,0,48,4,6,1008,1880,1950,117500
806,766,3,1,0,1,806,373,3,1979,1572,2,10364,70,0,40,5,6,806,1995,1996,168000
1824,0,2,4,1219,6,424,739,1,1979,1824,3,115149,70,351,48,5,7,1643,1971,2002,302000
1056,0,3,1,775,3,281,304,1,1979,1056,2,8450,65,0,85,6,5,1056,1968,1968,142000
949,272,4,1,392,3,392,392,1,1979,1221,2,9738,60,0,0,7,5,784,1924,1950,104900
1362,0,3,1,288,5,700,504,0,1979,1362,2,10197,80,491,20,5,6,1362,1961,1961,163000
848,0,1,4,697,6,151,420,2,2004,848,3,4426,70,147,0,5,6,848,2004,2004,141000
1434,0,3,1,20,6,1434,527,2,2001,1434,3,8529,65,0,39,5,7,1454,2001,2001,189000
1208,0,2,1,664,6,544,628,2,2007,1208,3,6762,64,108,54,5,7,1208,2007,2007,195400
1096,370,3,1,626,5,170,566,0,1979,1466,3,10800,60,0,21,8,5,796,1936,1989,170000
1987,0,2,4,1314,6,672,691,3,1979,1987,3,14303,91,554,36,5,8,1986,1994,1994,301500
1325,1093,3,4,1173,6,138,983,2,1979,2418,3,10542,96,651,154,5,7,1311,1993,1994,341000
1314,0,2,1,904,6,410,626,2,2007,1314,3,5063,34,166,62,5,7,1314,2007,2008,207500
970,739,3,1,0,1,970,380,1,2004,1709,3,2522,24,50,40,5,7,970,2004,2004,137500
672,546,3,1,0,0,672,0,0,0,1218,2,1680,21,236,0,5,6,672,1971,1971,91500
1440,1440,8,1,256,2,1184,0,0,0,3395,1,10896,60,0,110,7,6,1440,1914,1995,200000
1200,0,3,4,1200,6,0,0,0,0,1200,2,10800,60,0,0,5,5,1200,1987,1988,179000
912,0,2,1,111,3,522,297,3,1979,912,2,7535,70,0,285,7,5,912,1958,1985,120000
2444,1872,4,4,1455,6,989,832,3,1979,4316,4,21535,104,1170,50,6,10,2444,1994,1995,755000
856,854,3,1,706,6,150,548,2,2003,1710,3,8450,65,196,61,5,7,856,2003,2003,208500
1234,1140,4,1,0,1,1181,656,3,2003,2374,4,11999,93,340,100,5,8,1181,2003,2004,285000
860,704,3,1,275,4,429,234,1,1979,1564,1,12000,75,0,0,7,7,704,1941,1950,174500
1466,0,3,1,176,0,1290,528,3,1979,1466,1,17755,134,132,140,4,5,1466,1959,1959,149900
1383,0,3,1,565,4,818,292,0,1979,1383,2,11600,80,175,45,5,6,1383,1960,1960,145250
1535,0,4,0,0,0,0,410,1,1979,1535,2,7018,64,0,0,5,5,0,1979,1979,118964
990,0,3,1,716,5,274,576,1,1979,990,2,13568,43,0,0,5,5,990,1995,1995,156000
918,728,4,1,364,4,554,240,1,1979,1646,2,7128,53,0,0,5,7,918,1941,1950,164000
908,1020,4,1,0,1,1020,440,1,1979,1928,1,9142,69,0,60,8,6,1020,1910,1950,137000
1040,685,3,1,315,6,114,550,2,1979,1725,2,11584,80,96,88,6,7,539,1979,1979,197000
2129,743,4,1,700,6,983,541,3,1979,2872,3,10678,85,337,33,5,8,1683,1992,2000,285000
1092,1020,4,2,500,5,176,576,1,1979,2112,2,11075,85,0,0,5,6,952,1969,1969,206900
757,567,3,1,672,3,0,240,1,1979,1324,2,6000,50,0,0,6,4,672,1936,1950,128000
520,600,2,1,0,1,600,480,2,2005,1200,3,3180,30,0,166,5,7,600,2005,2005,144152
672,672,3,1,456,4,216,468,1,1979,1344,2,10690,59,0,128,7,5,672,1920,1997,147000
840,828,3,1,0,0,840,500,2,2003,1668,3,11317,72,101,68,5,7,840,2003,2003,180000
1040,0,2,0,0,0,0,400,1,1979,1040,2,8544,60,0,0,4,3,0,1950,1950,93500
900,0,3,2,234,0,180,576,1,1979,900,3,7200,60,0,32,7,5,900,1951,2000,134800
1559,0,3,1,338,4,1221,812,1,1979,1559,2,8100,90,0,116,6,5,1559,1948,1973,153500
948,0,3,1,492,5,372,248,1,1979,948,2,10215,75,132,0,5,4,864,1954,1954,111000
923,0,2,1,543,3,261,264,2,1979,923,2,8012,50,0,0,5,6,923,1980,1980,143000
1552,0,3,3,24,6,1528,782,0,2005,1552,3,10084,84,196,20,5,7,1552,2005,2006,212900
961,0,3,1,216,5,540,642,1,1979,1717,3,9550,60,0,35,5,7,756,1915,1970,140000
1721,0,3,1,570,4,891,440,2,1979,1721,2,10335,78,0,96,6,5,1461,1968,1993,180000
483,504,2,1,330,3,153,264,1,1979,987,2,1680,21,158,0,5,6,483,1973,1973,100000
1200,0,3,1,334,5,322,521,2,1979,1200,3,11249,105,0,26,5,6,1200,1995,1995,177500
1148,568,3,1,292,2,476,281,1,1979,1716,2,11409,60,0,0,4,5,768,1949,2008,131000
894,0,3,1,553,6,224,336,1,1979,894,2,8450,65,0,144,8,5,894,1965,2009,138500
1771,0,3,0,0,0,0,336,1,1979,1771,2,21750,100,75,0,4,5,0,1960,2006,115000
1173,0,3,4,885,6,0,528,2,1979,1173,3,10625,85,81,120,6,7,1053,1974,1974,170000
1287,0,3,1,72,5,733,576,3,1979,1287,3,9830,70,0,17,7,5,1063,1959,2006,162000
1382,0,3,1,547,4,504,459,0,1979,1382,2,11235,75,51,82,5,4,1051,1963,1979,148000
1214,1306,4,1,565,6,638,721,0,1979,2520,3,9950,82,290,114,5,7,1203,1995,1995,290000
1215,0,3,1,585,4,630,297,1,1979,1215,2,12400,66,176,0,7,6,1215,1958,1998,155000
1203,1323,4,1,740,6,425,844,0,1979,2526,3,10120,92,391,78,5,8,1165,1994,1994,290000
600,600,2,1,0,1,600,480,2,2004,1200,3,3182,30,0,172,5,7,600,2004,2005,151000
1728,0,4,1,1606,5,122,560,1,1979,1728,2,9297,63,0,0,5,5,1728,1976,1976,188000
902,808,3,1,0,1,576,480,1,1979,1710,2,10300,50,0,11,6,7,576,1921,1950,140000
1407,985,3,1,1074,6,322,870,3,1997,2392,3,9452,82,423,70,5,8,1396,1997,1998,348000
1014,730,3,1,402,3,594,457,2,1979,1744,3,9453,70,0,70,7,7,996,1993,2003,194500
822,843,3,1,0,1,813,562,2,2007,1665,3,8125,65,0,0,6,7,813,2007,2007,205950
1282,1414,4,3,984,6,280,792,0,2007,2696,4,9965,77,220,184,5,7,1264,2007,2007,383970
864,0,3,1,616,5,248,528,1,1979,864,2,9000,60,0,0,6,4,864,1971,1971,120500
672,0,2,1,344,4,328,234,1,1979,672,2,9340,50,0,113,6,4,672,1941,1950,113000
1320,0,3,3,328,2,285,564,0,1979,1320,2,11777,96,97,68,6,5,1164,1966,1966,164500
958,0,2,1,120,5,958,440,2,1979,958,2,4928,70,0,205,5,6,1078,1976,1976,128000
1710,0,3,2,0,1,1710,550,0,2004,1710,3,12118,43,108,48,5,7,1710,2004,2005,240000
1265,0,3,4,633,5,586,502,2,1979,1265,3,9350,85,0,92,8,5,1219,1965,1999,179900
1456,0,2,4,0,1,1273,400,3,2003,1456,3,3196,70,40,20,5,8,1273,2003,2003,215000
1067,472,3,1,0,1,927,576,1,1979,1539,2,6120,51,0,0,6,5,927,1936,1950,141500
1959,0,5,1,0,1,1907,766,1,1979,1959,2,11070,82,70,0,5,7,1907,1988,1989,171000
1008,0,4,1,0,1,1008,0,0,0,1522,2,6000,60,0,0,5,5,1008,1926,1950,102000
1124,0,3,0,0,0,0,0,0,0,1124,2,8335,77,0,36,5,5,0,1954,1954,93000
1107,983,3,2,859,5,216,484,0,1979,2090,2,10382,70,240,204,6,7,1107,1973,1973,200000
1214,0,2,1,698,5,420,461,1,1979,1214,2,9170,70,0,0,7,5,1214,1965,1965,140000
1779,0,3,2,306,5,372,454,1,1979,1779,2,17920,102,0,418,4,5,1763,1955,1974,170000
1629,0,3,3,1300,6,316,808,3,2002,1629,3,14536,85,236,252,5,8,1616,2002,2003,270000
1554,0,2,2,24,6,1530,627,2,2006,1554,3,4590,34,108,73,5,8,1554,2006,2006,209500
993,1243,4,1,0,1,964,642,3,1997,2236,3,13006,70,285,0,5,7,964,1997,1997,222000
796,0,2,1,0,1,796,0,0,0,796,2,3636,40,0,0,4,4,796,1922,1950,55000
840,840,3,1,0,1,840,308,0,1979,1680,2,15576,63,0,0,7,6,840,1915,1976,177000
848,0,1,3,686,6,162,420,3,2003,848,3,4435,37,170,0,5,6,848,2003,2003,136500
1142,0,3,1,874,5,268,528,3,1979,1142,2,4224,44,0,90,5,5,1142,1976,1976,134000
1252,0,1,4,429,3,93,564,2,1979,1252,2,13500,70,0,0,7,6,1602,1960,1975,235000
1684,0,2,1,28,6,1656,564,2,2005,1684,4,8849,63,616,72,5,9,1684,2005,2005,266000
2000,0,3,1,1464,6,536,888,0,2004,2000,3,10386,80,246,0,5,8,2000,2004,2005,305900
1616,0,3,3,0,1,1616,834,2,2005,1616,3,8688,73,228,59,5,7,1616,2005,2005,232000
1299,573,3,3,990,6,309,531,2,2001,1872,4,11885,70,108,122,5,8,1299,2001,2001,261500
1042,534,3,1,0,1,1042,225,1,1979,1576,2,6240,52,0,0,6,5,1042,1928,1950,149000
1175,807,3,3,421,6,386,575,0,1979,1982,3,11287,82,340,84,6,7,807,1989,1989,228500
988,0,3,1,534,3,246,276,1,1979,988,2,7200,60,0,80,7,5,876,1950,1950,119000
1844,0,2,1,976,6,868,620,3,2005,1844,3,10994,88,366,44,5,8,1844,2005,2006,257000
1258,0,3,1,656,5,602,528,0,1979,1258,3,11040,80,144,0,7,6,1258,1971,2004,145000
1288,0,1,1,786,6,474,500,3,1996,1288,4,14963,38,0,30,5,8,1260,1996,1996,245500
1634,0,3,1,0,1,1626,866,0,2006,1634,3,11428,98,248,44,5,8,1626,2006,2006,250000
855,0,3,1,257,5,103,440,1,1979,1322,2,2308,24,0,0,5,6,855,1974,1974,147000
707,707,3,3,0,1,707,403,3,2004,1414,3,9056,74,0,35,5,8,707,2004,2004,178000
1504,0,3,4,690,6,814,478,3,1996,1504,3,11883,73,196,66,5,7,1504,1996,1996,203000
1670,0,3,1,0,1,1670,690,2,2006,1670,3,14859,50,27,60,5,7,1670,2006,2006,240000
1516,651,3,4,125,2,36,518,2,1979,2167,3,17542,70,0,47,7,7,1192,1974,2003,294000
1069,0,2,1,559,5,510,440,2,1979,1069,2,4043,53,0,55,6,6,1069,1977,1977,140000
1072,0,2,4,547,6,0,525,3,2005,1072,2,3675,35,82,44,5,6,547,2005,2006,140000
1572,0,3,4,1159,4,413,995,2,1979,1572,2,35133,50,226,263,4,5,1572,1963,1963,186700
1188,561,3,1,1088,2,0,456,1,1979,1869,2,8820,98,0,0,6,5,1088,1890,1996,124900
882,0,1,1,0,1,882,0,0,0,882,2,5500,55,0,0,6,4,882,1956,1956,103200
1922,0,3,4,1249,6,673,676,3,2005,1922,3,14157,86,200,51,5,9,1922,2005,2006,377426
780,0,2,3,632,5,148,352,1,1979,780,2,7200,60,0,0,7,5,780,1972,1972,124900
1021,580,3,1,0,1,533,300,2,1979,1601,2,13825,85,0,34,6,5,533,1958,1987,140000
1530,0,3,3,1274,5,256,430,3,2005,1530,3,16158,124,16,36,5,7,1530,2005,2005,260000
833,0,3,1,625,0,208,0,0,0,833,2,8780,70,0,0,5,5,833,1985,1985,112000
679,504,2,1,331,5,318,308,1,1979,1183,2,6000,50,0,176,7,3,649,1948,2002,120000
1040,0,3,1,659,5,381,260,1,1979,1040,2,6897,70,0,104,8,5,1040,1962,2010,127000
1466,1362,4,4,1150,6,316,1052,2,2006,2828,3,9965,77,340,144,5,8,1466,2006,2007,424870
1032,220,3,1,280,3,752,288,1,1979,1252,2,9600,80,0,0,5,6,1032,1950,1950,119000
1246,0,3,1,340,2,0,305,2,1979,1246,3,7500,75,0,0,7,5,1246,1959,1994,154000
904,0,2,1,0,1,884,180,1,1979,904,2,6000,50,0,0,7,6,884,1926,2004,119000
966,686,4,1,686,2,0,416,1,1979,1652,2,10800,60,0,0,6,5,686,1915,1950,139000
1036,0,3,1,375,4,457,288,1,1979,1268,2,12144,60,0,28,7,5,832,1949,1950,133000
1172,741,3,1,0,1,896,342,0,1979,1913,2,7558,57,0,0,6,6,896,1928,1950,177000
1358,0,3,2,733,0,625,484,2,2009,1358,3,6371,44,128,35,5,7,1358,2009,2010,224000
1657,0,3,1,1237,2,420,484,1,1979,1657,2,12155,70,0,0,3,6,1657,1970,1970,163500
838,0,2,2,210,4,0,275,3,1979,838,1,10267,55,0,0,7,6,816,1918,2000,130000
1022,1038,3,1,772,5,220,390,2,1999,2060,3,8755,70,298,0,5,7,992,1999,1999,214000
764,862,2,1,573,6,191,474,2,2003,1626,3,2448,36,106,27,5,7,764,2003,2004,154000
663,689,4,1,371,5,292,299,3,1979,1352,2,9364,80,143,36,7,6,663,1969,1969,158000
968,408,3,1,368,4,359,240,1,1979,1376,2,9492,79,0,0,5,5,768,1941,1950,105000
849,811,3,1,326,2,389,240,1,1979,1660,2,11988,74,0,0,7,6,715,1934,1995,188700
616,796,3,1,0,1,616,432,3,2006,1412,3,8499,73,0,36,5,6,616,2006,2007,156932
756,713,3,1,0,0,756,216,1,1979,1469,2,10320,60,0,0,7,6,756,1906,1995,135000
774,656,3,1,0,0,384,400,2,2000,1430,2,9967,76,0,0,5,7,384,2000,2000,170000
1094,0,3,2,500,4,594,495,0,1979,1094,2,10452,85,216,0,5,6,1094,1953,1953,155000
1826,0,3,4,1422,6,392,758,0,2005,1826,3,11302,69,238,75,5,8,1814,2005,2006,319000
672,252,3,2,0,0,672,576,1,1979,924,2,8064,60,0,0,7,5,672,1949,2006,122900
1502,0,1,3,368,6,0,528,2,1979,1502,3,6820,70,0,54,5,8,1488,1985,1985,212000
616,1072,4,4,462,6,154,603,2,1997,1688,3,12798,79,0,114,5,6,616,1997,1997,200000
1262,0,3,1,905,6,357,572,0,2006,1262,3,7200,60,68,120,5,6,1262,2006,2006,185000
1905,0,3,1,0,1,1905,788,3,2006,1905,4,11670,84,302,191,5,9,1905,2006,2006,320000
1153,878,3,3,252,5,901,541,3,1998,2031,3,11404,75,202,84,5,7,1153,1998,1999,222500
1350,0,3,1,0,1,1064,478,2,1979,1350,2,10140,78,174,0,5,6,1064,1974,1974,165000
941,888,3,1,483,6,458,613,2,2003,1829,3,9548,44,223,39,6,7,941,2003,2003,237000
965,0,3,1,641,3,187,300,1,1979,965,2,7800,60,0,0,5,5,828,1965,1965,119900
672,252,2,1,348,3,324,280,1,1979,924,1,12180,60,0,0,4,4,672,1941,1950,80000
1055,1208,3,1,0,1,1055,905,3,2001,2263,3,9240,70,396,45,5,8,1055,2001,2002,287000
1236,872,4,1,626,4,501,540,1,1979,2108,3,13728,120,0,0,7,6,1127,1935,1986,235000
1242,0,3,1,916,5,326,528,1,1979,1242,2,9600,80,320,0,6,7,1242,1973,1973,175500
989,584,3,1,0,0,884,240,1,1979,1573,3,6120,51,0,0,7,4,884,1935,1995,133000
884,1151,3,1,0,1,884,434,3,2001,2035,3,9505,70,180,48,5,7,884,2001,2001,222500
1232,0,3,1,660,3,572,516,1,1979,1232,2,11120,70,0,0,6,6,1232,1984,1984,162500
1098,866,4,1,403,0,400,483,2,1979,1964,2,10480,80,660,69,6,7,803,1976,1976,205000
792,348,3,1,0,1,576,0,0,0,1140,2,8800,55,0,160,7,4,576,1910,2004,96500
894,0,3,1,702,3,192,450,2,1979,894,3,9764,57,0,0,7,5,894,1967,2003,130000
1512,1142,4,2,619,3,435,619,0,1979,2654,3,11029,70,220,65,7,6,1054,1968,1984,250000
768,0,2,3,660,0,108,396,3,1979,768,2,7200,60,0,0,8,5,768,1972,2003,133900
672,0,2,0,0,0,0,0,0,0,912,2,6240,52,0,0,5,4,0,1947,1950,80500
1040,1040,5,3,650,4,390,504,1,1979,2080,1,11606,70,192,0,5,5,1040,1969,1969,135000
1040,0,3,1,732,6,308,576,0,1996,1040,3,12464,82,0,0,5,5,1040,1996,1996,152000
1149,467,3,2,370,2,779,216,1,1979,1616,3,5400,40,0,0,7,6,1149,1926,2004,152000
1047,0,2,1,0,1,641,273,1,1979,1047,2,10800,60,0,0,7,4,641,1885,1995,100000
1803,0,3,1,168,4,284,484,2,1979,1803,2,13125,88,67,0,4,5,1134,1957,2000,155000
832,0,2,1,0,1,832,528,1,1979,832,3,7227,59,0,0,6,6,832,1954,1954,105500
894,0,3,1,180,4,340,384,0,1979,894,2,7094,99,0,0,5,5,894,1966,1966,125000
596,596,3,2,0,1,596,189,1,1979,1192,2,6402,60,0,0,5,5,596,1920,1950,78000
1850,0,3,4,1261,6,572,772,3,2004,1850,3,16033,98,378,112,5,9,1833,2004,2005,326000
899,0,3,1,450,5,414,288,3,1979,899,3,7800,65,89,0,7,5,864,1967,2004,130000
892,0,3,1,340,4,524,264,2,1979,892,2,9477,70,65,0,5,5,864,1966,1966,110000
1260,1031,4,2,1046,4,168,506,1,1979,2291,2,7200,60,0,0,6,6,1214,1910,1998,133900
1075,1063,2,1,0,1,849,360,1,1979,2138,2,8100,90,0,156,5,5,849,1898,1965,106000
926,678,3,1,0,1,926,470,3,1997,1604,2,10839,100,0,36,5,6,926,1997,1998,181000
887,1134,3,1,0,1,868,422,2,2006,2021,3,23257,168,0,100,5,7,868,2006,2006,274725
938,0,3,3,280,2,167,308,1,1979,938,2,9200,70,0,0,6,5,938,1975,1980,130250
912,514,3,1,0,1,912,216,1,1979,1426,3,7642,55,0,240,8,7,912,1918,1998,189950
928,992,4,1,220,4,708,400,0,1979,1920,2,11345,95,567,0,5,5,928,1948,1950,137000
1098,0,3,1,902,5,196,260,0,1979,1098,2,7390,70,151,0,7,5,1098,1955,1955,135000
729,0,2,1,0,1,270,0,0,0,729,2,4130,56,0,0,6,3,270,1935,2003,52000
1252,0,3,1,0,1,1252,528,1,1979,1252,3,10721,80,243,39,6,6,1252,1959,1959,142000
1584,0,4,1,0,1,1584,792,1,1979,1584,2,8944,65,0,152,5,5,1584,1967,1967,124000
1506,0,2,1,0,1,1498,592,0,2008,1506,4,14587,75,284,174,5,9,1498,2008,2008,264132
1709,0,2,3,1238,6,460,506,3,1999,1709,3,5119,50,60,65,5,9,1698,1999,2000,328900
1092,0,2,1,895,4,197,299,3,1979,1092,2,14850,69,0,0,5,5,1092,1957,1957,141000
1746,0,3,4,1320,6,426,758,3,2006,1746,4,14892,42,160,39,5,9,1746,2006,2007,377500
1304,983,3,1,603,3,701,667,3,1979,2287,2,15593,81,0,21,4,7,1304,1953,1953,225000
789,0,2,1,0,1,768,200,1,1979,789,2,10594,55,0,0,5,5,768,1926,1950,96500
1041,0,3,1,991,5,50,270,2,1979,1041,2,9600,80,132,88,6,5,1041,1959,1959,124500
993,915,4,1,0,1,967,431,3,2002,1908,3,14191,85,0,0,5,8,967,2002,2002,202900
1010,1257,4,1,0,1,1010,390,2,2002,2267,3,8068,70,0,46,5,6,1010,2002,2002,200000
875,0,2,1,209,3,506,180,1,1979,875,2,6120,51,0,0,7,5,715,1931,1993,105000
1526,0,4,3,383,4,833,364,0,1979,1526,2,8562,68,145,78,6,5,1216,1957,2002,144500
1567,0,2,4,1567,5,0,714,2,1979,1567,3,9819,70,0,32,5,6,1567,1977,1977,196000
1734,1088,3,4,0,1,1734,1020,2,2008,2822,4,13891,107,424,170,5,9,1734,2008,2009,582933
689,689,3,1,141,4,548,360,1,1979,1378,3,9600,60,0,0,9,7,689,1928,2005,161000
1281,457,4,1,0,1,715,368,1,1979,1738,2,12513,70,0,0,4,4,715,1920,2007,104900
1164,896,4,1,831,6,320,521,0,1979,2060,2,10029,97,268,228,5,6,1151,1988,1989,211000
1128,0,2,1,812,2,124,286,1,1979,1128,2,9000,75,0,0,5,5,936,1954,1954,118000
840,880,3,1,0,1,840,440,3,2004,1720,3,8244,62,0,48,5,7,840,2004,2004,183500
1050,0,2,1,504,4,546,338,1,1979,1050,2,9600,80,0,0,6,5,1050,1956,1956,128900
1114,0,3,1,814,6,300,576,1,2003,1114,3,13695,66,0,78,5,6,1114,2003,2004,155000
1053,0,3,1,567,4,413,750,2,1979,1053,4,8973,69,85,80,7,5,1008,1958,1991,150000
1593,0,0,3,1153,6,440,682,3,2001,1593,4,4923,41,0,120,5,8,1593,2001,2002,286000
1214,0,3,1,695,3,519,318,2,1979,1214,2,10355,70,196,111,5,5,1214,1967,1967,143000
816,0,3,1,641,5,175,264,1,1979,816,3,6600,60,0,0,9,5,816,1982,2008,130500
1535,0,4,0,0,0,0,400,1,1979,1535,2,7018,64,0,0,5,5,0,1979,1979,118858
1360,1360,3,1,1036,0,140,795,1,1979,3112,3,25419,174,0,16,4,8,1360,1918,1990,235000
1079,840,3,3,0,1,1079,685,2,2006,1919,3,15611,120,0,51,5,8,1079,2006,2006,233230
1097,0,3,1,0,1,1097,672,1,1979,1097,2,10859,112,0,64,5,5,1097,1994,1995,145000
983,767,4,2,660,5,323,423,1,1979,1750,2,12508,75,0,0,7,6,983,1940,1985,160000
483,504,2,1,0,1,483,288,1,1979,987,2,1680,21,297,0,5,6,483,1972,1972,94500
981,0,3,1,282,5,664,576,1,1979,981,2,10530,70,0,312,5,6,981,1971,1971,143250
1700,0,4,1,1018,4,380,447,2,1979,1700,3,10552,70,0,38,5,5,1398,1959,1959,165500
816,0,2,1,708,6,108,308,1,1979,816,2,7100,73,0,0,7,5,816,1957,1957,129900
944,896,3,1,666,6,278,622,2,2001,1840,3,12420,79,0,45,5,7,944,2001,2001,230000
1291,1230,5,1,837,5,105,576,0,1979,2521,2,3964,42,0,20,4,6,942,1973,1973,151400
1002,0,3,1,828,3,174,902,1,1979,1002,2,8750,70,76,0,6,5,1002,1970,1970,148500
841,0,2,1,0,1,721,294,1,1979,841,2,8400,60,0,0,4,4,721,1950,1950,82000
996,0,2,3,747,6,189,564,1,1979,996,3,9069,73,0,0,6,6,936,1992,1992,147000
1713,0,3,3,1088,6,625,856,3,2004,1713,4,9591,76,262,26,5,8,1713,2004,2005,274900
1412,0,3,2,1005,6,387,576,1,1979,1412,3,11457,130,0,0,5,6,1392,1988,1988,175000
1236,0,2,1,600,6,312,923,0,1979,1236,2,7407,90,0,158,7,6,912,1957,1996,149700
1040,0,3,4,633,5,431,648,1,1979,1040,2,25286,94,0,0,5,4,1064,1963,1963,132250
1616,0,2,1,1180,6,415,608,2,1979,1616,3,5389,39,0,152,5,8,1595,1995,1996,236500
1414,0,3,1,528,5,245,601,1,1979,1414,2,11029,87,0,51,8,6,1184,1958,2002,176500
975,975,3,1,649,0,326,576,2,1997,1950,3,7399,66,1600,10,5,7,975,1997,1998,239000
1086,0,3,1,320,5,404,490,1,1979,1086,2,10200,85,104,0,7,5,1086,1954,2003,144900
1072,504,3,4,1309,6,15,528,2,1979,1576,3,21384,144,0,312,6,5,1324,1923,2004,223500
768,0,2,3,619,5,149,624,1,1979,768,2,7244,54,0,0,7,5,768,1970,1970,129500
1381,0,3,1,982,5,179,676,0,1979,1381,3,9360,78,0,0,7,6,1161,1972,2006,197500
1284,885,3,1,0,0,1284,647,2,2002,2169,3,9375,70,149,87,5,8,1284,2002,2002,228500
720,0,2,0,0,0,0,287,1,1979,720,2,6627,70,0,0,6,3,0,1949,1950,72500
1584,1208,3,1,493,2,1017,520,1,1979,2792,2,10440,60,0,547,7,6,1510,1920,1950,256000
936,0,2,1,0,1,936,576,1,1979,936,2,6000,60,0,32,4,4,936,1953,1953,93000
1181,0,3,3,920,3,38,588,2,1979,1181,2,10012,90,0,0,5,4,1138,1972,1972,137500
1689,0,3,3,0,1,1689,954,2,2007,1689,3,9849,83,0,56,6,7,1689,2007,2007,248328
948,0,3,1,732,4,216,280,0,1979,948,2,8190,60,0,36,6,4,948,1954,1954,119000
756,756,2,1,420,6,336,440,1,2000,1512,3,2117,70,513,32,5,6,756,2000,2000,168500
894,0,3,1,492,3,402,450,0,1979,894,2,8724,109,0,0,5,5,894,1968,1968,129000
932,920,3,1,822,6,78,644,2,2009,1852,3,8640,72,0,108,5,7,900,2009,2009,252678
845,0,3,0,0,0,0,290,1,1979,845,2,11500,70,0,0,3,4,0,1957,1957,84000
774,0,3,1,544,4,0,0,0,0,774,3,4270,70,0,0,6,3,544,1931,2006,79000
2053,1185,4,3,816,0,1217,666,3,1979,3238,3,14720,56,579,86,5,8,2033,1995,1996,410000
1232,0,2,3,724,6,508,632,0,2007,1232,3,7314,64,82,0,5,7,1232,2007,2007,194500
1164,0,3,1,0,1,1164,528,1,1979,1164,2,9600,80,168,0,5,7,1164,1969,1969,140000
912,336,2,1,324,2,588,160,1,1979,1248,2,9439,52,0,0,5,5,912,1930,1950,87000
1687,0,3,3,353,3,60,572,0,1979,1687,2,57200,70,0,0,5,5,747,1948,1950,160000
860,1100,4,1,625,6,235,440,3,2002,1960,3,7851,70,0,48,5,6,860,2002,2002,216500
546,0,3,1,273,3,0,286,2,1979,1092,2,2217,21,0,0,4,4,546,1970,1970,88000
894,0,3,1,552,0,342,400,1,1979,894,2,9450,68,0,0,5,4,894,1954,1954,110000
1479,0,3,3,1013,6,440,558,2,2003,1479,3,10665,72,167,29,5,7,1453,2003,2003,226000
1060,0,3,2,188,4,204,270,1,1979,1060,3,8246,70,0,90,8,5,1060,1968,2001,154000
1436,0,3,2,946,6,490,484,0,2004,1436,3,8450,65,266,98,5,7,1436,2004,2004,210000
1044,0,2,3,0,1,540,504,1,1979,1044,1,8712,66,0,0,5,5,540,1952,1952,55993
880,888,2,2,390,0,490,320,1,1979,1768,2,10800,60,0,341,7,7,880,1914,1970,163000
816,0,2,3,538,0,278,432,1,1979,816,2,5890,70,0,0,8,6,816,1930,2007,120500
774,656,3,1,250,6,134,400,3,2000,1430,2,7750,70,0,0,5,7,384,2000,2000,180000
1867,0,2,1,379,2,470,303,3,1979,1867,2,10708,70,0,0,5,5,1617,1955,1993,190000
1500,0,3,3,1070,6,286,648,3,2006,1500,3,4045,53,45,20,5,7,1356,2006,2006,246578
1100,0,3,1,419,5,375,312,2,1979,1100,2,12493,70,0,0,5,4,1100,1960,1960,141000
816,0,3,4,546,5,270,264,1,1979,816,2,8314,76,0,0,7,5,816,1982,1982,124500
1328,0,2,4,967,3,383,308,0,1979,1328,2,16905,115,0,104,6,5,1350,1959,1959,170000
1728,568,3,4,1338,6,384,842,2,2008,2296,4,13478,97,420,274,5,10,1722,2008,2008,451950
864,0,2,1,167,4,697,572,1,1979,864,2,8172,60,0,0,7,5,864,1955,1990,115000
1266,0,3,1,0,1,1257,453,1,2005,1266,3,7500,62,0,144,5,7,1257,2005,2005,176000
858,0,3,1,614,3,244,0,0,0,858,2,8125,70,0,0,4,4,858,1971,1971,88000
832,878,3,1,426,6,406,506,2,1979,1710,3,9291,76,120,70,5,6,832,1993,1993,187000
772,351,3,1,0,1,732,264,1,1979,1123,2,6060,50,0,0,5,4,732,1939,1950,100000
953,694,3,1,0,1,953,460,2,1999,1647,2,7917,62,0,40,5,6,953,1999,2000,175000
874,0,3,1,510,0,354,288,2,1979,874,2,9858,62,0,0,6,5,864,1968,1968,130000
1788,0,3,3,0,1,1753,522,2,2001,1788,4,11838,70,0,151,5,8,1753,2001,2001,236500
1839,0,3,1,1186,6,291,416,3,1979,1839,3,14442,110,106,87,7,6,1477,1957,2004,257500
1088,780,4,1,381,5,399,484,1,1979,1868,3,10304,70,44,96,7,5,780,1976,1976,197500
1712,0,4,1,528,2,1098,588,3,1979,1712,2,8393,70,122,54,5,5,1626,1959,2005,145000
561,668,2,1,285,5,276,462,3,1979,1229,2,1300,24,0,0,6,6,561,1980,1980,124000
1600,0,3,1,0,1,1566,890,2,2007,1600,3,14230,110,640,56,5,8,1566,2007,2007,256300
916,684,3,3,0,1,916,460,3,1997,1600,2,8773,57,0,38,5,6,916,1997,1997,169000
896,448,3,1,0,1,896,240,0,1979,1344,2,6240,70,0,114,4,5,896,1936,1950,115000
1126,0,3,3,767,5,266,540,2,1979,1126,4,15611,70,0,0,6,5,1126,1977,1977,175000
923,0,3,1,658,5,218,264,1,1979,923,2,6951,37,0,0,5,5,876,1984,1985,119500
616,0,2,1,616,2,0,205,1,1979,616,2,6000,50,0,0,7,5,616,1921,1950,89000
1800,0,6,1,0,1,1800,0,0,0,1800,2,8000,80,0,0,4,5,1800,1961,1961,141000
1505,0,2,1,1024,0,481,505,2,1979,1505,2,12160,128,90,0,4,6,1505,1953,1953,149500
1647,0,3,2,1283,5,0,621,3,1979,1647,3,12984,80,459,0,6,5,1430,1977,1977,217500
1132,0,2,1,1024,6,108,451,3,2005,1132,3,7024,60,0,64,5,4,1132,2005,2005,176000
928,836,3,1,821,6,107,470,2,1997,1764,3,15426,65,0,99,5,6,928,1997,1997,231500
1088,441,4,0,0,0,0,240,1,1979,1529,2,8405,50,0,0,3,4,0,1945,1950,98000
1699,748,4,1,0,1,804,336,1,1979,2447,3,9638,50,0,0,7,6,804,1919,1990,169000
1504,0,1,1,16,6,1330,457,3,2005,1504,3,3182,43,16,0,5,7,1346,2005,2006,181000
1163,0,3,1,256,5,906,220,1,1979,1163,2,5820,49,0,98,8,3,1162,1955,2005,126175
769,756,3,1,436,6,320,440,1,2000,1525,3,2117,70,456,0,5,6,756,2000,2000,177000
935,0,3,1,560,3,0,288,1,1979,935,2,13526,70,114,0,6,5,935,1965,1965,137000
813,0,2,1,0,1,813,270,1,1979,813,3,5684,70,0,113,8,6,813,1930,2005,110000
1112,896,3,1,603,6,293,230,1,1979,2008,4,7800,78,0,0,8,5,896,1948,2002,225000
1532,797,4,1,1085,6,390,514,1,1979,2329,3,11839,86,99,121,5,7,1475,1990,1990,262280
910,648,4,1,420,3,490,282,1,1979,1558,2,13710,75,0,0,5,5,910,1950,1950,152000
832,832,4,1,194,6,638,528,2,1979,1664,2,10140,78,0,28,5,7,832,1976,1976,162900
2110,0,3,1,1065,5,1045,522,3,1979,2110,4,11160,93,0,0,5,7,2110,1968,1968,244000
905,881,3,1,648,6,176,684,2,1997,1786,3,9337,69,0,162,5,6,824,1997,1997,204750
925,550,4,1,548,5,36,336,2,1979,1475,2,2665,41,0,26,6,5,757,1977,1977,127000
811,576,3,1,0,1,811,256,1,1979,1387,3,6000,50,0,0,4,5,811,1954,1954,93000
976,732,3,1,0,1,976,380,0,2004,1708,3,3363,32,117,40,5,7,976,2004,2004,130000
1085,649,3,1,600,4,312,440,0,1979,1734,3,9786,77,0,0,7,6,912,1962,1981,159000
1766,648,3,1,664,3,290,520,0,1979,2414,2,10800,60,0,0,4,5,954,1900,1970,160000
933,975,4,1,642,6,273,493,1,1979,1908,3,8750,70,0,133,5,7,915,1994,1995,210000
1283,0,3,1,504,4,319,506,1,1979,1283,2,7763,70,0,0,7,5,931,1962,1980,140000
1212,0,3,1,0,1,1212,573,2,2001,1212,3,9100,70,0,0,5,7,1212,2001,2001,178000
952,596,3,1,0,1,952,672,0,1979,1548,4,7264,55,0,0,7,7,952,1925,2007,205000
980,0,3,3,400,0,100,384,3,1979,980,2,9750,75,0,0,5,5,980,1967,1967,135500
1811,0,2,1,296,5,230,470,3,1979,1811,4,14115,90,0,0,7,6,1073,1956,2004,230000
1056,0,3,1,1056,4,0,384,1,1979,1056,2,8900,70,0,42,4,4,1056,1966,1966,107000
1234,0,3,3,0,1,1234,484,2,2007,1234,3,11049,85,0,30,5,8,1234,2007,2007,179900
630,672,3,1,0,1,630,440,1,1979,1302,2,2016,24,304,0,5,5,630,1970,1970,106000
1035,371,3,1,0,1,319,0,0,0,1406,1,7920,70,0,144,7,6,319,1920,1950,89500
858,0,2,3,685,6,173,576,1,1979,858,2,7252,70,0,0,5,5,858,1982,1982,134900
1182,1142,4,1,998,0,177,736,3,2005,2324,4,11924,85,286,21,5,9,1175,2005,2006,345000
910,0,3,3,0,1,105,414,1,1979,910,3,8892,74,0,0,7,5,105,1953,1996,116000
798,813,4,4,674,6,0,442,2,1979,1611,2,9760,80,360,128,6,6,780,1964,1964,167900
684,876,3,3,0,1,684,400,3,2005,1560,3,11911,122,0,38,5,6,684,2005,2005,174000
2020,0,4,0,0,0,0,630,1,1979,2020,2,8400,60,320,0,5,5,0,1977,1977,144000
1338,0,2,2,616,6,722,582,3,2001,1338,3,4920,41,0,0,5,8,1338,2001,2001,213500
1188,0,3,1,593,0,595,312,1,1979,1188,2,26142,70,189,39,7,5,1188,1962,1962,157900
1459,0,3,1,0,0,1459,527,2,2002,1459,3,8749,70,100,39,5,7,1459,2002,2002,192000
1306,954,3,4,1201,6,105,533,0,1996,2260,3,14000,80,0,44,5,7,1306,1996,1997,328000
1430,0,3,1,0,1,1413,605,2,2001,1430,3,16285,67,0,33,5,7,1413,2001,2002,187100
996,0,3,1,290,3,706,0,0,0,996,2,13907,63,0,0,6,5,996,1940,1969,108000
1092,0,3,1,787,4,305,504,2,1979,1092,2,8250,75,260,0,7,6,1092,1964,1964,145000
625,625,2,1,0,1,625,625,3,2006,1250,3,4017,35,0,54,5,7,625,2006,2007,171900
864,864,3,1,0,1,864,572,2,2004,1728,3,9313,65,0,56,5,7,864,2004,2004,190000
924,0,3,1,0,1,924,280,1,1979,924,2,7990,88,0,0,6,5,924,1975,1975,110000
1199,0,2,1,300,6,899,530,2,1979,1199,3,7892,55,0,63,5,6,1199,1993,1993,153900
948,0,3,1,0,1,948,300,1,1979,948,2,8978,70,0,0,5,5,948,1968,1968,108000
925,0,3,1,338,3,121,429,1,1979,925,2,9100,70,0,0,6,5,925,1965,1965,117500
835,0,2,1,108,5,350,366,1,1979,835,2,10625,85,0,0,5,5,458,1920,1950,83000
1580,886,4,1,0,1,1580,610,2,2004,2466,3,11143,102,0,214,5,8,1580,2004,2005,340000
1216,941,4,1,445,4,479,487,0,1979,2157,3,14200,88,309,66,6,7,924,1966,1966,226000
1060,0,3,1,840,6,200,572,0,1979,1060,2,4224,44,0,110,7,5,1040,1976,1976,129900
2633,0,2,4,1282,6,1351,804,2,2001,2633,4,11400,70,705,140,5,10,2633,2001,2002,466500
1048,0,2,1,0,1,993,280,1,1979,1048,2,6380,58,0,0,6,5,993,1922,1950,113000
953,711,3,1,0,1,953,460,2,2000,1664,2,8121,70,0,40,5,6,953,2000,2000,172400
784,0,2,1,0,1,784,360,1,1979,784,2,9000,60,0,0,3,6,784,1928,1950,76000
1279,0,3,1,641,5,276,473,1,1979,1279,2,10125,75,0,83,6,6,1196,1977,1977,171500
1229,0,3,1,1059,5,75,284,2,1979,1229,2,17140,70,0,0,6,4,1134,1956,1956,135000
1268,0,2,1,540,2,728,244,3,1979,1268,2,7800,78,200,98,6,5,1268,1954,1954,132000
1428,0,3,1,0,1,1428,480,3,2007,1428,3,11639,95,0,120,5,7,1428,2007,2008,182000
1125,0,3,3,631,5,410,352,1,1979,1125,2,7200,72,255,0,6,6,1041,1976,1976,125000
1008,0,2,1,486,3,522,275,0,1979,1008,2,11425,70,0,0,6,5,1008,1954,1954,137000
1630,0,3,4,0,1,1622,860,2,2008,1630,4,10226,61,270,42,5,8,1622,2008,2008,295493
864,864,3,1,503,4,361,673,2,2003,1728,3,8791,64,0,56,5,6,864,2003,2003,207500
1211,0,3,1,250,3,210,322,0,1979,1211,2,8250,55,0,63,5,5,952,1968,1968,134000
1040,0,3,1,369,2,671,286,2,1979,1040,2,7560,70,0,0,5,5,1040,1959,1959,133700
1707,0,2,1,0,1,1686,511,2,1979,1707,2,16669,70,653,64,6,8,1686,1981,1981,228000
955,0,3,1,0,1,935,462,3,1998,1632,2,9084,63,0,28,5,7,935,1998,1998,176500
1392,0,3,1,1302,0,90,528,1,1979,1392,2,11341,70,180,0,6,5,1392,1957,1996,121500
1319,0,3,1,428,3,0,270,1,1979,1319,2,10634,79,0,0,6,5,608,1953,1953,123000
742,742,3,1,0,1,742,390,3,2005,1484,3,12589,149,0,24,5,6,742,2005,2005,174000
971,0,3,4,523,0,448,300,1,1979,971,2,9920,69,0,0,6,5,971,1969,1969,128500
1062,0,3,3,539,5,490,539,2,1979,1062,2,11333,70,0,0,5,6,1029,1976,1976,146800
980,0,4,4,945,0,0,0,0,0,980,2,9400,35,250,0,5,6,945,1975,1975,127500
1405,0,2,1,0,1,1405,478,2,2003,1405,3,3136,70,163,36,5,7,1405,2003,2003,171750
959,712,3,1,786,6,173,472,3,2000,1671,2,10852,58,0,38,5,6,959,2000,2000,173000
1074,0,3,1,788,5,268,495,2,1979,1074,2,10140,78,0,88,6,5,1056,1975,1975,153500
1547,720,2,0,0,0,0,672,1,1979,2320,2,14762,70,0,144,6,5,0,1948,1950,169000
918,0,2,1,0,1,918,264,1,1979,918,2,7892,55,0,0,5,6,918,1979,1979,99500
1437,0,3,4,1157,5,280,528,2,1979,1437,3,10768,90,0,21,8,5,1437,1976,2004,218000
1069,0,2,1,360,5,709,440,2,1979,1069,2,4043,53,0,55,5,6,1069,1977,1977,127500
829,727,4,1,298,4,429,441,0,1979,1556,2,11700,78,0,0,6,6,727,1968,1968,154000
824,1070,4,1,624,6,193,510,0,2002,1894,3,11316,80,44,40,5,7,817,2002,2003,214900
1973,0,3,3,0,1,1935,895,3,2006,1973,3,14226,110,375,45,5,8,1935,2006,2006,395000
1898,1080,5,1,0,1,710,564,3,1979,2978,3,11275,96,300,0,7,7,710,1967,2007,242000
848,0,1,3,662,6,186,420,2,2004,848,3,4438,70,205,0,5,6,848,2004,2004,149000
804,670,3,1,0,1,384,400,3,1979,1474,2,8530,70,22,72,5,7,384,1995,1996,168500
1056,0,3,1,480,3,108,260,1,1979,1056,2,9250,80,0,0,7,5,1056,1954,2005,139400
902,0,2,3,301,3,239,484,1,1979,902,2,8885,70,0,0,5,5,864,1983,1983,131000
1032,0,3,3,605,5,427,564,1,1979,1032,2,10395,70,233,0,6,6,1032,1978,1978,148000
1077,0,2,1,0,1,961,338,1,1979,1077,2,8967,60,0,0,2,5,961,1920,1950,67000
1235,0,2,1,600,4,635,480,1,1979,1235,2,8500,85,203,0,3,5,1235,1961,1961,98600
1442,0,3,2,738,6,172,719,3,1979,1442,3,10357,114,0,244,5,7,910,1990,1991,179900
483,504,2,1,387,5,96,264,1,1979,987,2,1680,21,232,0,5,6,483,1971,1971,85400
1004,0,2,4,975,6,0,504,1,1979,1004,2,10530,78,90,0,5,6,975,1977,1977,135000
1006,0,3,1,288,6,718,0,0,0,1006,2,9000,70,0,24,3,5,1006,1959,1959,80000
936,780,6,1,210,0,570,0,0,0,1716,1,5687,55,0,184,6,5,780,1912,2000,135900
860,0,3,1,0,1,860,565,2,2004,1720,3,11645,89,0,70,5,7,860,2004,2004,196500
960,0,2,1,250,5,710,308,1,1979,960,1,6000,50,0,0,4,4,960,1920,1950,108500
1604,0,3,1,1334,6,270,660,2,2006,1604,3,8814,68,180,110,5,7,1604,2006,2006,220000
2217,0,4,4,351,5,1043,621,1,1979,2217,3,15865,95,0,207,6,8,2217,1970,1970,268000
1844,0,3,3,1110,4,734,540,2,1979,1844,3,16381,70,312,73,5,6,1844,1969,1969,223000
799,772,3,1,0,1,799,380,2,1979,1571,2,7837,59,0,40,7,6,799,1993,1994,178000
1479,0,3,1,0,1,1468,577,2,1999,1479,3,9382,93,125,25,5,7,1468,1999,2000,191000
1619,167,3,4,1249,0,103,529,3,1979,1786,2,164660,70,0,0,6,5,1499,1965,1965,228950
1632,0,3,1,620,4,0,338,2,1979,1632,2,9600,80,183,0,6,6,1240,1958,1988,139000
866,902,3,3,20,6,846,578,2,2007,1768,3,10769,68,0,105,5,8,866,2007,2007,212000
1096,0,3,2,75,3,230,299,3,1979,1096,2,15870,70,0,32,5,5,1096,1969,1969,138800
1236,857,3,1,0,1,791,542,3,1979,2093,2,20544,46,123,63,6,7,791,1986,1991,215000
660,688,3,1,512,3,148,453,2,1979,1348,2,7590,69,266,108,5,6,660,1966,1966,155000
728,728,3,3,648,6,80,410,3,2005,1456,3,8199,63,0,18,5,7,728,2005,2005,189000
1600,0,2,4,1277,3,207,319,2,1979,1600,2,16321,47,0,258,6,5,1484,1957,1997,207500
1700,0,3,3,340,6,1342,544,2,2003,1700,3,9135,70,120,23,5,6,1682,2003,2003,200000
808,785,3,1,0,1,808,389,2,1979,1593,2,9636,70,0,40,5,6,808,1992,1993,178000
1363,0,2,1,650,3,178,288,1,1979,1363,2,14559,75,70,42,7,5,1008,1951,2000,164900
855,586,3,1,311,5,544,440,1,1979,1441,2,2289,24,0,0,6,6,855,1978,1978,148500
1710,0,2,4,1400,0,310,866,2,2007,1710,3,13891,107,436,102,5,8,1710,2007,2008,372402
1222,888,3,1,695,6,253,463,2,1979,2110,3,8880,70,0,130,5,7,948,1994,2002,205000
725,754,3,1,533,6,192,475,2,1979,1479,3,13517,70,289,44,8,6,725,1976,2005,130500
767,0,1,3,584,6,0,367,3,1998,767,2,4058,34,182,40,5,7,723,1998,1998,133000
664,0,3,3,554,6,100,426,2,2006,1496,3,17104,58,0,24,5,7,654,2006,2006,179665
1567,0,1,3,1154,6,366,648,3,2006,1567,4,3982,53,0,0,5,8,1520,2006,2006,264561
1148,0,2,2,210,2,219,308,1,1979,1148,2,6420,57,0,0,7,5,980,1952,1952,123500
1120,850,3,2,0,1,1085,753,3,2006,1970,4,11065,86,788,74,5,8,1085,2006,2006,281000
1453,1357,4,1,482,6,971,750,2,1979,2810,3,9572,70,336,0,5,8,1453,1990,1990,302000
1470,0,4,1,986,6,484,696,0,1998,2630,3,9200,80,473,66,5,8,1470,1998,1998,315000
1105,1169,5,1,443,4,662,480,0,1979,2274,2,11600,80,361,0,5,5,1105,1960,1960,154300
1261,0,3,1,662,5,599,433,2,1979,1261,2,9120,76,0,0,6,6,1261,1958,1958,163000
1486,0,3,1,637,3,849,480,3,1979,1486,2,9937,75,0,0,7,5,1486,1964,1999,167000
773,0,2,1,570,0,203,240,1,1979,773,2,7677,57,0,0,5,5,773,1953,1953,110000
1537,0,3,1,0,0,1319,462,2,1979,1537,3,8400,80,237,36,9,6,1319,1962,2005,174000
866,913,3,3,0,1,866,546,2,1998,1779,3,10400,80,0,36,5,7,866,1998,1998,197900
1225,0,3,1,569,5,381,0,0,0,1225,2,9320,77,0,0,5,4,950,1959,1959,128950
848,0,1,3,659,6,189,420,3,2003,848,3,4435,36,170,0,5,6,848,2003,2003,131500
780,596,3,1,0,1,780,198,1,1979,1376,2,8600,50,0,0,6,6,780,1937,1950,119500
742,729,3,1,381,6,348,440,1,1999,1471,2,3230,34,894,24,5,6,729,1999,1999,172500
869,0,2,1,0,1,440,0,0,0,869,1,5900,51,0,0,7,4,440,1923,1958,85500
729,729,2,1,419,6,310,440,1,1999,1458,2,3230,34,1129,32,5,6,729,1999,1999,176000
894,0,3,1,762,5,102,440,1,1979,894,2,13350,100,0,0,5,5,864,1974,1974,142500
885,833,3,1,0,1,832,427,3,1998,1718,2,10141,74,40,94,5,7,832,1998,1998,185000
1701,0,3,4,1390,5,0,611,3,1979,1701,2,16647,70,0,0,5,5,1390,1975,1981,171000
864,0,3,1,600,3,264,576,1,1979,864,2,12735,70,0,0,5,4,864,1972,1972,111250
1094,761,3,1,0,1,528,512,2,1979,1855,2,9600,80,360,100,7,6,528,1976,1994,187000
1651,0,3,1,1398,5,0,616,3,1979,1651,2,12416,47,132,0,5,6,1606,1986,1986,184000
612,612,3,3,0,1,612,528,2,2009,1224,3,3951,40,76,234,5,6,612,2009,2009,164500
928,0,3,1,308,4,620,288,3,1979,928,2,6000,50,0,0,6,5,928,1957,1957,112500
372,720,3,0,0,0,0,0,0,0,1092,1,5600,70,0,0,5,4,0,1930,1950,55000
832,809,3,1,16,2,712,546,1,1979,1641,4,9600,60,0,0,7,7,728,1925,1990,178000
708,708,3,1,404,5,304,776,2,1979,1416,2,11700,90,420,169,6,6,708,1968,1968,179900
1058,846,3,3,546,6,512,736,3,2005,1904,4,10927,74,280,60,5,8,1058,2005,2005,275000
936,0,2,1,248,3,448,308,3,1979,936,2,5868,74,0,0,7,5,936,1956,2000,129000
716,840,3,1,81,0,23,452,3,1979,1556,2,1950,24,0,0,6,6,716,1980,1980,151000
864,0,2,1,120,2,744,400,1,1979,864,2,19138,140,0,0,5,4,864,1951,1951,141000
1654,0,3,1,986,6,668,900,1,2002,1654,3,8125,70,295,136,5,7,1654,2002,2002,230000
1416,0,3,1,0,1,816,576,1,1979,1416,3,25339,70,0,0,7,5,816,1918,2007,112000
1268,1097,3,2,1163,6,89,856,0,1999,2365,3,9430,82,673,128,5,8,1252,1999,1999,337000
1067,0,2,1,442,3,625,436,1,1979,1067,3,9600,60,0,0,7,4,1067,1950,1995,128000
1318,584,4,0,0,0,0,539,1,1979,1902,2,8930,68,0,0,5,6,0,1978,1978,112000
1557,0,2,4,0,1,1374,420,3,2003,1557,3,3196,70,18,20,5,7,1374,2003,2004,234000
1195,644,4,1,0,1,1195,486,3,1998,1839,2,16770,58,30,81,5,7,1195,1998,1998,221000
